Company,Title,Link,Source,Year,Month,Day,Summary
Dell,Dell XPS 13 vs MacBook Pro: Which laptop is best? - Tom's Guide,https://www.tomsguide.com/face-off/dell-xps-13-vs-macbook-pro-which-laptop-is-best,Tom's Guide,2020,10,6,Dell XPS 13 vs MacBook Pro: Which laptop is best? - Tom's Guide
Dell,The Dell XPS 13 is going cheap right now ahead of this year's Amazon Prime Day - TechRadar,https://www.techradar.com/news/the-dell-xps-13-is-going-cheap-right-now-ahead-of-this-years-amazon-prime-day,TechRadar,2020,10,7,The Dell XPS 13 is going cheap right now ahead of this year's Amazon Prime Day - TechRadar
Dell,"Best college laptop for 2020: Apple, Microsoft, Dell and more - CNET",https://www.cnet.com/news/best-college-laptop-for-2020-apple-microsoft-dell-and-more/,CNET,2020,10,6,"Best college laptop for 2020: Apple, Microsoft, Dell and more - CNET"
Dell,New Dell UltraSharp Monitors and Meeting Space Solutions Enhance Productivity and Comfort for Workers Anywhere - PRNewswire,https://www.prnewswire.com/news-releases/new-dell-ultrasharp-monitors-and-meeting-space-solutions-enhance-productivity-and-comfort-for-workers-anywhere-301146222.html,PRNewswire,2020,10,6,New Dell UltraSharp Monitors and Meeting Space Solutions Enhance Productivity and Comfort for Workers Anywhere - PRNewswire
Dell,"Dell updates its UltraSharp monitor lineup: USB-C, mini-LED backlighting, and more - Ars Technica",https://arstechnica.com/gadgets/2020/10/dell-updates-its-ultrasharp-monitor-lineup-usb-c-mini-led-backlighting-and-more/,Ars Technica,2020,10,6,"Dell updates its UltraSharp monitor lineup: USB-C, mini-LED backlighting, and more - Ars Technica"
Dell,"Dell Technologies (DELL) Has Risen 35% in Last One Year, Outperforms Market - Yahoo Finance",https://finance.yahoo.com/news/dell-technologies-dell-risen-35-151509462.html,Yahoo Finance,2020,10,6,"Dell Technologies (DELL) Has Risen 35% in Last One Year, Outperforms Market - Yahoo Finance"
Dell,Dell Inspiron 14 7000 review - TechRadar,https://www.techradar.com/reviews/dell-inspiron-14-7000,TechRadar,2020,10,5,Dell Inspiron 14 7000 review - TechRadar
Dell,"Dell EMC Unveils New PowerEdge XE Servers, Updates OpenManage Systems Management - insideHPC",https://insidehpc.com/2020/10/dell-emc-unveils-new-poweredge-xe-servers-updates-openmanage-systems-management/,insideHPC,2020,10,6,"Dell EMC Unveils New PowerEdge XE Servers, Updates OpenManage Systems Management - insideHPC"
Dell,GCSIT Named a Most Promising Dell Consulting/Service Company - Yahoo Finance,https://finance.yahoo.com/news/gcsit-named-most-promising-dell-123800299.html,Yahoo Finance,2020,10,7,GCSIT Named a Most Promising Dell Consulting/Service Company - Yahoo Finance
Dell,Dell announces new XPS 13 and XPS 13 2-in-1 with Tiger Lake processors - The Verge,https://www.theverge.com/2020/9/28/21456034/dell-xps-13-2in1-2020-features-price-release-date,The Verge,2020,9,29,Dell announces new XPS 13 and XPS 13 2-in-1 with Tiger Lake processors - The Verge
Dell,Dell launch Microsoft Teams Rooms Meeting Space Solutions - Tom Talks Blog,https://tomtalks.blog/2020/10/dell-launch-microsoft-teams-rooms-meeting-space-solutions/,Tom Talks Blog,2020,10,7,Dell launch Microsoft Teams Rooms Meeting Space Solutions - Tom Talks Blog
Dell,Dell's high-end XPS 17 is a workhorse in disguise - CNN,https://www.cnn.com/2020/09/25/cnn-underscored/dell-xps-17-review/index.html,CNN,2020,9,25,Dell's high-end XPS 17 is a workhorse in disguise - CNN
Dell,Dell announces range of VMware integration upgrades - DataCenterNews North America,https://datacenternews.us/story/dell-announces-range-of-vmware-integration-upgrades,DataCenterNews North America,2020,10,4,Dell announces range of VMware integration upgrades - DataCenterNews North America
Dell,Dell's latest soundbar has a magnetic mounting system for ideal compatibility with the OEM's new monitors - Notebookcheck.net,https://www.notebookcheck.net/Dell-s-latest-soundbar-has-a-magnetic-mounting-system-for-ideal-compatibility-with-the-OEM-s-new-monitors.496690.0.html,Notebookcheck.net,2020,10,6,Dell's latest soundbar has a magnetic mounting system for ideal compatibility with the OEM's new monitors - Notebookcheck.net
Dell,VMware CEO Pat Gelsinger says a Dell spinoff could give him freedom to work with more manufacturers - CNBC,https://www.cnbc.com/2020/09/29/vmware-ceo-dell-spinoff-could-bring-freedom-on-go-to-market.html,CNBC,2020,9,29,VMware CEO Pat Gelsinger says a Dell spinoff could give him freedom to work with more manufacturers - CNBC
Dell,"Forget Prime Day, the Dell XPS 13 is just $685 right now - Laptop Mag",https://www.laptopmag.com/news/forget-prime-day-the-dell-xps-13-is-just-dollar685-right-now,Laptop Mag,2020,10,1,"Forget Prime Day, the Dell XPS 13 is just $685 right now - Laptop Mag"
Dell,The Best Dell PC and Amazon 'Labor Day' Deals That Are Still Live - PCMag.com,https://www.pcmag.com/deals/the-best-dell-pc-and-amazon-labor-day-deals-that-are-still-live,PCMag.com,2020,9,11,The Best Dell PC and Amazon 'Labor Day' Deals That Are Still Live - PCMag.com
Dell,Extra Crunch Partner Perk: Discount on Dell XPS laptop and Dell for Entrepreneurs program - TechCrunch,https://techcrunch.com/2020/09/14/extra-crunch-partner-perk-discount-on-dell-xps-laptop-and-dell-for-entrepreneurs-program/,TechCrunch,2020,9,14,Extra Crunch Partner Perk: Discount on Dell XPS laptop and Dell for Entrepreneurs program - TechCrunch
Dell,"Post Labor Day Sale: Hundreds Off Dell Vostro Laptops, Desktops - PCMag.com",https://www.pcmag.com/deals/post-labor-day-sale-hundreds-off-dell-vostro-laptops-desktops,PCMag.com,2020,9,8,"Post Labor Day Sale: Hundreds Off Dell Vostro Laptops, Desktops - PCMag.com"
Dell,Deal: These Dell Products Are Nearly Half Off - InsideHook,https://www.insidehook.com/article/gadgets/dell-computers-sale,InsideHook,2020,9,9,Deal: These Dell Products Are Nearly Half Off - InsideHook
Dell,Dell Technologies World - Techwire.net,https://www.techwire.net/sponsored/Dell_Technologies_World.html,Techwire.net,2020,9,13,Dell Technologies World - Techwire.net
Dell,Five Ways Dell EMC PowerStore Doesn't Measure Up to HPE Nimble Storage - Blocks and Files,https://blocksandfiles.com/2020/10/06/five-ways-dell-emc-powerstore-doesnt-measure-up-to-hpe-nimble-storage/,Blocks and Files,2020,10,6,Five Ways Dell EMC PowerStore Doesn't Measure Up to HPE Nimble Storage - Blocks and Files
Dell,"Save Big on Dell XPS, Vostro, Alienware PCs and Monitors - PCMag.com",https://www.pcmag.com/deals/save-big-on-dell-xps-vostro-alienware-pcs-and-monitors,PCMag.com,2020,9,10,"Save Big on Dell XPS, Vostro, Alienware PCs and Monitors - PCMag.com"
Dell,"Dell To Make 'All Offerings' As-A-Service, Says Michael Dell - CRN: Technology news for channel partners and solution providers",https://www.crn.com/news/data-center/dell-to-make-all-offerings-as-a-service-says-michael-dell,CRN: Technology news for channel partners and solution providers,2020,9,14,"Dell To Make 'All Offerings' As-A-Service, Says Michael Dell - CRN: Technology news for channel partners and solution providers"
Dell,"Save Big on Dell Monitors, Get Bonus eGift Card - PCMag.com",https://www.pcmag.com/deals/save-big-on-dell-monitors-get-bonus-egift-card,PCMag.com,2020,10,5,"Save Big on Dell Monitors, Get Bonus eGift Card - PCMag.com"
Dell,"Dell Layoffs, VMware Remote Worker Pay Cuts: 7 Key Points - CRN: Technology news for channel partners and solution providers",https://www.crn.com/slide-shows/data-center/dell-layoffs-vmware-remote-worker-pay-cuts-7-key-points,CRN: Technology news for channel partners and solution providers,2020,9,16,"Dell Layoffs, VMware Remote Worker Pay Cuts: 7 Key Points - CRN: Technology news for channel partners and solution providers"
Dell,Dell COO Clarke notifies employees about layoffs that start this week - FierceTelecom,https://www.fiercetelecom.com/telecom/dell-starts-job-cuts-week,FierceTelecom,2020,9,15,Dell COO Clarke notifies employees about layoffs that start this week - FierceTelecom
Dell,Dell to Trim Workforce This Week in Move to Stay Competitive - Bloomberg,https://www.bloomberg.com/news/articles/2020-09-14/dell-to-trim-workforce-this-week-amid-pandemic-fueled-recession,Bloomberg,2020,9,14,Dell to Trim Workforce This Week in Move to Stay Competitive - Bloomberg
Dell,Michael Dell: 'We Are Not Selling VMware' - CRN: Technology news for channel partners and solution providers,https://www.crn.com/news/data-center/michael-dell-we-are-not-selling-vmware-,CRN: Technology news for channel partners and solution providers,2020,9,11,Michael Dell: 'We Are Not Selling VMware' - CRN: Technology news for channel partners and solution providers
Dell,Dell's new PCs are a one-stop-shop for video calls on Microsoft Teams or Zoom - Windows Central,https://www.windowscentral.com/easily-add-conference-room-microsoft-teams-or-zoom-dell-meeting-space-solutions,Windows Central,2020,10,6,Dell's new PCs are a one-stop-shop for video calls on Microsoft Teams or Zoom - Windows Central
Dell,Dell is bringing Intel Xe graphics to its brand new thin-and-light XPS 13 laptops - PC Gamer,https://www.pcgamer.com/dell-xps-13-intel-tiger-lake-xe/,PC Gamer,2020,10,1,Dell is bringing Intel Xe graphics to its brand new thin-and-light XPS 13 laptops - PC Gamer
Dell,"Shop Dell's Semi-Annual Sale to save 17% on PCs, electronics, and more - Windows Central",https://www.windowscentral.com/shop-dells-semi-annual-sale-save-17-pcs-accessories-and-more,Windows Central,2020,9,18,"Shop Dell's Semi-Annual Sale to save 17% on PCs, electronics, and more - Windows Central"
Dell,Dell Black Friday deals 2020: Laptop deals to watch for during Dell's Black Friday sale - T3 (US),https://www.t3.com/us/news/dell-black-friday-deals-2020-laptop-deals-to-watch-for-during-dells-black-friday-sale,T3 (US),2020,9,25,Dell Black Friday deals 2020: Laptop deals to watch for during Dell's Black Friday sale - T3 (US)
Dell,"Michael Dell: COVID-19 Caused Public Cloud 'Fast Route', But Multi-Cloud Will 'Resonate' - CRN: Technology news for channel partners and solution providers",https://www.crn.com/news/data-center/michael-dell-covid-19-caused-public-cloud-fast-route-but-multi-cloud-will-resonate-,CRN: Technology news for channel partners and solution providers,2020,9,22,"Michael Dell: COVID-19 Caused Public Cloud 'Fast Route', But Multi-Cloud Will 'Resonate' - CRN: Technology news for channel partners and solution providers"
Dell,Why Dell Technologies Rose 10.4% in August - Motley Fool,https://www.fool.com/investing/2020/09/09/why-dell-technologies-rose-104-in-august/,Motley Fool,2020,9,9,Why Dell Technologies Rose 10.4% in August - Motley Fool
Dell,"HPE, Dell In Dead Heat In Server Market-Share Battle In 2020 - CRN: Technology news for channel partners and solution providers",https://www.crn.com/slide-shows/data-center/hpe-dell-in-dead-heat-in-server-market-share-battle-in-2020,CRN: Technology news for channel partners and solution providers,2020,9,9,"HPE, Dell In Dead Heat In Server Market-Share Battle In 2020 - CRN: Technology news for channel partners and solution providers"
Dell,Why One Analyst Thinks That Dell Is Undervalued - Barron's,https://www.barrons.com/articles/why-one-analyst-thinks-that-dell-is-undervalued-51600479132,Barron's,2020,9,18,Why One Analyst Thinks That Dell Is Undervalued - Barron's
Dell,"HPE Makes Big Gains In Hyperconverged Over Dell, Nutanix - CRN: Technology news for channel partners and solution providers",https://www.crn.com/news/data-center/hpe-makes-big-gains-in-hyperconverged-over-dell-nutanix,CRN: Technology news for channel partners and solution providers,2020,9,18,"HPE Makes Big Gains In Hyperconverged Over Dell, Nutanix - CRN: Technology news for channel partners and solution providers"
Dell,Principled Technologies Finds That an Intel Core i5-10400H Processor-Powered Dell Latitude 5511 Laptop Can Help Users Save Time on Compute-Intensive Tasks - Benzinga,https://www.benzinga.com/pressreleases/20/10/r17794559/principled-technologies-finds-that-an-intel-core-i5-10400h-processor-powered-dell-latitude-5511-la,Benzinga,2020,10,6,Principled Technologies Finds That an Intel Core i5-10400H Processor-Powered Dell Latitude 5511 Laptop Can Help Users Save Time on Compute-Intensive Tasks - Benzinga
Dell,"Rackspace, Dell partner on cloud computing - Austin Business Journal",https://www.bizjournals.com/austin/news/2020/09/28/rackspace-dell-hybrid-cloud.html,Austin Business Journal,2020,9,28,"Rackspace, Dell partner on cloud computing - Austin Business Journal"
Dell,Insight Hires Dell's Ex-Channel Chief Mullen For Dell Sales Blitz - CRN: Technology news for channel partners and solution providers,https://www.crn.com/news/data-center/insight-hires-dell-s-ex-channel-chief-mullen-for-dell-sales-blitz,CRN: Technology news for channel partners and solution providers,2020,9,18,Insight Hires Dell's Ex-Channel Chief Mullen For Dell Sales Blitz - CRN: Technology news for channel partners and solution providers
Dell,"Government Service Cloud Assessment by Development Stage, Players Evolved Microsoft, Dell Technologies, IBM, Cisco Systems · Wall Street Call - Reported Times",https://reportedtimes.com/government-service-cloud-assessment-by-development-stage-players-evolved-microsoft-dell-technologies-ibm-cisco-systems/,Reported Times,2020,10,7,"Government Service Cloud Assessment by Development Stage, Players Evolved Microsoft, Dell Technologies, IBM, Cisco Systems · Wall Street Call - Reported Times"
Dell,Dell Technologies HPC Community Interviews: Nvidia's Geetika Gupta on a Decade of Driving GPUs into the Data Center - insideHPC,https://insidehpc.com/2020/10/dell-technologies-hpc-community-interviews-nvidias-geetika-gupta-on-a-decade-of-driving-gpus-into-the-data-center/,insideHPC,2020,10,5,Dell Technologies HPC Community Interviews: Nvidia's Geetika Gupta on a Decade of Driving GPUs into the Data Center - insideHPC
Dell,"DELL: 4 ""Strong Buy"" Tech Stocks to Buy Now for 2021 - StockNews.com",https://stocknews.com/news/dell-aph-arw-acia-4-strong-buy-tech-stocks-to-buy-now-for-2021/,StockNews.com,2020,9,21,"DELL: 4 ""Strong Buy"" Tech Stocks to Buy Now for 2021 - StockNews.com"
Dell,Amazon Prime Day can't top Dell's XPS 13 laptop deals happening right now - T3 (US),https://www.t3.com/us/news/amazon-prime-day-cant-top-dells-xps-13-laptop-deals-happening-right-now,T3 (US),2020,9,9,Amazon Prime Day can't top Dell's XPS 13 laptop deals happening right now - T3 (US)
Dell,Dell Quietly Slashes Price of the 4K 120Hz OLED Alienware 55 Monitor by $1000 - Tom's Hardware,https://www.tomshardware.com/news/dell-quietly-slashes-price-of-the-4k-120hz-oled-alienware-55-monitor-by-dollar1000,Tom's Hardware,2020,9,21,Dell Quietly Slashes Price of the 4K 120Hz OLED Alienware 55 Monitor by $1000 - Tom's Hardware
Dell,Dell appoints Puerta as CEO in Brazil - Telecompaper,https://www.telecompaper.com/news/dell-appoints-puerta-as-ceo-in-brazil--1356861,Telecompaper,2020,10,7,Dell appoints Puerta as CEO in Brazil - Telecompaper
Dell,Dell's Joyce Mullen Jumps To Insight: 5 Big Things To Know - CRN: Technology news for channel partners and solution providers,https://www.crn.com/slide-shows/channel-programs/dell-s-joyce-mullen-jumps-to-insight-5-big-things-to-know,CRN: Technology news for channel partners and solution providers,2020,9,18,Dell's Joyce Mullen Jumps To Insight: 5 Big Things To Know - CRN: Technology news for channel partners and solution providers
Dell,Save $310 on the Dell XPS 15 in Dell’s Semi-Annual Sale today - Digital Trends,https://www.digitaltrends.com/dtdeals/dell-xps-15-deal-semi-annual-sale-2020/,Digital Trends,2020,9,16,Save $310 on the Dell XPS 15 in Dell’s Semi-Annual Sale today - Digital Trends
Dell,Dell Precision 5550 Workstation Review - StorageReview.com,https://www.storagereview.com/review/dell-precision-5550-workstation-review,StorageReview.com,2020,9,7,Dell Precision 5550 Workstation Review - StorageReview.com
Dell,DELL: 3 Strong Buy Tech Stocks Bucking the Market's Bearish Trend - StockNews.com,https://stocknews.com/news/dell-glob-ttgt-3-strong-buy-tech-stocks-bucking-the-markets-bearish-trend/,StockNews.com,2020,9,28,DELL: 3 Strong Buy Tech Stocks Bucking the Market's Bearish Trend - StockNews.com
Dell,The Chart for Dell Technologies Inc. (DELL) Is Flashing Mixed Signals - The News Heater,https://newsheater.com/2020/10/07/the-chart-for-dell-technologies-inc-dell-is-flashing-mixed-signals-2/,The News Heater,2020,10,7,The Chart for Dell Technologies Inc. (DELL) Is Flashing Mixed Signals - The News Heater
Dell,"Dell, Nutanix Fight For Hyperconverged Market Lead; HPE Soars - CRN: Technology news for channel partners and solution providers",https://www.crn.com/slide-shows/data-center/dell-nutanix-fight-for-hyperconverged-market-lead-hpe-soars,CRN: Technology news for channel partners and solution providers,2020,9,21,"Dell, Nutanix Fight For Hyperconverged Market Lead; HPE Soars - CRN: Technology news for channel partners and solution providers"
Dell,Financial Insights and Technical Data on Dell Technologies Inc. (DELL) - Invest Million,https://www.investmillion.com/2020/10/07/financial-insights-and-technical-data-on-dell-technologies-inc-dell/,Invest Million,2020,10,7,Financial Insights and Technical Data on Dell Technologies Inc. (DELL) - Invest Million
Dell,Dell Will Unlock Massive Hidden Value - TheStreet,https://www.thestreet.com/tech/news/dell090920,TheStreet,2020,9,9,Dell Will Unlock Massive Hidden Value - TheStreet
Dell,Selling VMware Would Be Big For Dell Stock - InvestorPlace,https://investorplace.com/2020/10/dell-stock-now-unlocking-value/,InvestorPlace,2020,10,2,Selling VMware Would Be Big For Dell Stock - InvestorPlace
Dell,HPE edges Dell as enterprise server demand heightens - Channel Asia Singapore,https://channelasia.tech/article/682860/hpe-edges-dell-enterprise-server-demand-heightens/,Channel Asia Singapore,2020,9,11,HPE edges Dell as enterprise server demand heightens - Channel Asia Singapore
Dell,Moving Beyond Traditional Marketing: Why Dell Partners Must Use Dell Digital Marketing Tool - CIOReview,https://www.cioreview.com/news/moving-beyond-traditional-marketing-why-dell-partners-must-use-dell-digital-marketing-tool-nid-32084-cid-247.html,CIOReview,2020,10,6,Moving Beyond Traditional Marketing: Why Dell Partners Must Use Dell Digital Marketing Tool - CIOReview
Dell,Dell to slash jobs amid Covid-19 downturn - TechCentral.ie,https://www.techcentral.ie/dell-to-slash-jobs-amid-covid-19-downturn/,TechCentral.ie,2020,9,18,Dell to slash jobs amid Covid-19 downturn - TechCentral.ie
Dell,Dell partners firms to launch Tech Experience Centre in Nigeria - Nairametrics,https://nairametrics.com/2020/09/24/dell-partners-firms-to-launch-tech-experience-centre-in-nigeria/,Nairametrics,2020,9,24,Dell partners firms to launch Tech Experience Centre in Nigeria - Nairametrics
Dell,Rio Dell murder trial gets off to slow start - Eureka Times-Standard,https://www.times-standard.com/rio-dell-murder-trial-gets-off-to-slow-start,Eureka Times-Standard,2020,10,6,Rio Dell murder trial gets off to slow start - Eureka Times-Standard
Dell,Nancy O'Dell Is the New PeopleTV Host - NBC Southern California,https://www.nbclosangeles.com/california-live/nancy-odell-is-the-new-peopletv-host/2439057/,NBC Southern California,2020,10,5,Nancy O'Dell Is the New PeopleTV Host - NBC Southern California
Dell,"SASE Vendor Todyl Launches Partner Program, Hires Dell Alum as Chief - Channel Futures",https://www.channelfutures.com/channel-programs/sase-vendor-todyl-launches-partner-program-hires-dell-alum-as-chief,Channel Futures,2020,10,6,"SASE Vendor Todyl Launches Partner Program, Hires Dell Alum as Chief - Channel Futures"
Dell,Dell'Osso Farms: Everything From Mazes To Pumpkin Blasters - Escalon Times,https://www.escalontimes.com/209-living/dellosso-farms-everything-from-mazes-to-pumpkin-blasters/,Escalon Times,2020,10,6,Dell'Osso Farms: Everything From Mazes To Pumpkin Blasters - Escalon Times
Dell,Obituary: Leona Dell Lockhart - WTAP-TV,https://www.wtap.com/2020/10/05/obituary-leona-dell-lockhart/,WTAP-TV,2020,10,5,Obituary: Leona Dell Lockhart - WTAP-TV
Dell,Goat sculpture added to Rio Dell’s art menagerie - Eureka Times-Standard,https://www.times-standard.com/goat-sculpture-added-to-rio-dells-art-menagerie,Eureka Times-Standard,2020,10,6,Goat sculpture added to Rio Dell’s art menagerie - Eureka Times-Standard
Dell,Dumont over River Dell - Boys soccer recap - nj.com,https://www.nj.com/highschoolsports/2020/10/dumont-over-river-dell-boys-soccer-recap.html,nj.com,2020,10,7,Dumont over River Dell - Boys soccer recap - nj.com
Dell,"Batman/Catwoman #1 woos Jen Bartel, Bruce Timm, Gabrielle Dell'Otto for covers - GamesRadar+",https://www.gamesradar.com/batman-catwoman-1-covers/,GamesRadar+,2020,10,5,"Batman/Catwoman #1 woos Jen Bartel, Bruce Timm, Gabrielle Dell'Otto for covers - GamesRadar+"
Dell,Goat Sculpture Placed in Rio Dell – Redheaded Blackbelt - Redheaded Blackbelt,https://kymkemp.com/2020/10/03/goat-sculpture-placed-in-rio-dell/,Redheaded Blackbelt,2020,10,3,Goat Sculpture Placed in Rio Dell – Redheaded Blackbelt - Redheaded Blackbelt
Dell,Serviceplan expands in US with Pereira O'Dell stake - More About Advertising,https://www.moreaboutadvertising.com/2020/10/serviceplan-expands-in-us-with-pereira-odell-stake/,More About Advertising,2020,10,7,Serviceplan expands in US with Pereira O'Dell stake - More About Advertising
Dell,Mary Dell “Toots’ Taubenheim - Lynden Tribune,https://www.lyndentribune.com/community/obituaries/mary-dell-toots-taubenheim/article_49117ef6-0845-11eb-9373-bf80772eef52.html,Lynden Tribune,2020,10,7,Mary Dell “Toots’ Taubenheim - Lynden Tribune
Dell,Stetson Dell Wright - Rodeo Contestant Biography - Professional Rodeo Cowboys Association,https://www.prorodeo.com/bio/contestant/stetson-dell-wright/96898,Professional Rodeo Cowboys Association,2020,10,6,Stetson Dell Wright - Rodeo Contestant Biography - Professional Rodeo Cowboys Association
Dell,Sources - Former Pelicans GM Dell Demps agrees to join Jazz as an assistant coach - ESPN,https://www.espn.com/nba/story/_/id/29971466/sources-former-pelicans-gm-dell-demps-agrees-join-jazz-assistant-coach,ESPN,2020,9,25,Sources - Former Pelicans GM Dell Demps agrees to join Jazz as an assistant coach - ESPN
Dell,"Obituary for Fern Dell Ausbrooks, Benton, AR - Arkansas Online",https://www.arkansasonline.com/obituaries/2020/oct/07/fern-ausbrooks-2020-10-07/,Arkansas Online,2020,10,7,"Obituary for Fern Dell Ausbrooks, Benton, AR - Arkansas Online"
Dell,Clipped gas line starts fire in Dell Rapids - KELOLAND.com,https://www.keloland.com/news/local-news/clipped-gas-line-starts-fire-in-dell-rapids/,KELOLAND.com,2020,9,25,Clipped gas line starts fire in Dell Rapids - KELOLAND.com
Dell,Late heroics lift Dakota Valley to upset of #2 Dell Rapids - Siouxland News,https://siouxlandnews.com/sports/game-night/late-heroics-lift-dakota-valley-to-upset-of-2-dell-rapids,Siouxland News,2020,10,3,Late heroics lift Dakota Valley to upset of #2 Dell Rapids - Siouxland News
Dell,Best Dell Laptops (Updated 2020) - Screen Rant,https://screenrant.com/best-dell-laptops/,Screen Rant,2020,9,3,Best Dell Laptops (Updated 2020) - Screen Rant
Dell,Dell’s new XPS desktop has a refreshed design and Intel’s 10th Gen processors - The Verge,https://www.theverge.com/2020/7/9/21314606/dell-new-xps-desktop-intel-10th-gen-processors-nvidia-rtx-super-price,The Verge,2020,7,9,Dell’s new XPS desktop has a refreshed design and Intel’s 10th Gen processors - The Verge
Dell,Dell's XPS 15 delivers huge value with a polished design and zippy performance - CNN,https://www.cnn.com/2020/06/24/cnn-underscored/dell-xps-15-review/index.html,CNN,2020,6,24,Dell's XPS 15 delivers huge value with a polished design and zippy performance - CNN
Dell,Dell'Arte Opera Ensemble Unveils 'Songs From Hibernation' Recital Series - OperaWire,https://operawire.com/dellarte-opera-ensemble-unveils-songs-from-hibernation-recital-series/,OperaWire,2020,10,6,Dell'Arte Opera Ensemble Unveils 'Songs From Hibernation' Recital Series - OperaWire
Dell,Best Dell laptops 2020: how to choose the right Dell laptop for you - T3 (US),https://www.t3.com/us/features/best-dell-laptops,T3 (US),2020,8,21,Best Dell laptops 2020: how to choose the right Dell laptop for you - T3 (US)
Dell,Dell’s Inspiron 2-in-1 laptop is $600 at Best Buy - The Verge,https://www.theverge.com/good-deals/2020/7/17/21325581/dell-inspiron-laptop-best-buy-sennheiser-wireless-earbuds-ps-plus-deal-sale,The Verge,2020,7,17,Dell’s Inspiron 2-in-1 laptop is $600 at Best Buy - The Verge
Dell,Dell and HP Earnings Are Today. Here’s What to Expect. - Barron's,https://www.barrons.com/articles/dell-hp-strong-pc-sales-report-earnings-51598392292,Barron's,2020,8,27,Dell and HP Earnings Are Today. Here’s What to Expect. - Barron's
Dell,Dell launches new XPS 17 and redesigned XPS 15 with 16:10 edge-to-edge displays - The Verge,https://www.theverge.com/2020/5/13/21257006/dell-xps-17-15-redesign-specs-features-update-2020,The Verge,2020,5,13,Dell launches new XPS 17 and redesigned XPS 15 with 16:10 edge-to-edge displays - The Verge
Dell,"Dell Reports Steady Sales, Profit on Corporate PC Demand - Bloomberg",https://www.bloomberg.com/news/articles/2020-05-28/dell-reports-steady-sales-strong-profit-on-corporate-pc-demand,Bloomberg,2020,5,28,"Dell Reports Steady Sales, Profit on Corporate PC Demand - Bloomberg"
Dell,Dell’s debt hangover from $67B EMC deal could put VMware stock in play - TechCrunch,https://techcrunch.com/2020/06/24/dells-debt-hangover-from-67b-emc-deal-could-put-vmware-stock-in-play/,TechCrunch,2020,6,24,Dell’s debt hangover from $67B EMC deal could put VMware stock in play - TechCrunch
Dell,Dell accidentally leaks images of new XPS 15 and 17 - The Verge,https://www.theverge.com/2020/4/7/21212589/dell-xps-13-17-precision-2020-specs-photo-leak,The Verge,2020,4,7,Dell accidentally leaks images of new XPS 15 and 17 - The Verge
Dell,The best Dell deals in October 2020 - Laptop Mag,https://www.laptopmag.com/news/best-dell-deals,Laptop Mag,2020,10,1,The best Dell deals in October 2020 - Laptop Mag
Dell,"Surging Laptop Demand Helps HP, Dell Amid Office-Spending Slump - The Wall Street Journal",https://www.wsj.com/articles/surging-laptop-demand-helps-ease-hps-pain-from-weak-office-printing-sales-11598558819,The Wall Street Journal,2020,8,27,"Surging Laptop Demand Helps HP, Dell Amid Office-Spending Slump - The Wall Street Journal"
Dell,Dell Labor Day sale: save up to $250 on a Dell XPS deal today - TechRadar,https://www.techradar.com/news/dell-labor-day-sale-xps-inspiron-save-250,TechRadar,2020,9,7,Dell Labor Day sale: save up to $250 on a Dell XPS deal today - TechRadar
Dell,"Dell PC Deals: Extra 10% Off XPS, Vostro, and Inspiron Laptops - PCMag.com",https://www.pcmag.com/deals/dell-pc-deals-extra-10-off-xps-vostro-and-inspiron-laptops,PCMag.com,2020,8,25,"Dell PC Deals: Extra 10% Off XPS, Vostro, and Inspiron Laptops - PCMag.com"
Dell,"Dell launched sweeping update of its Latitude, Precision business laptop lines - Ars Technica",https://arstechnica.com/gadgets/2020/05/dell-launched-sweeping-update-of-its-latitude-precision-business-laptop-lines/,Ars Technica,2020,5,19,"Dell launched sweeping update of its Latitude, Precision business laptop lines - Ars Technica"
Dell,Dell XPS 13 (2020) review: the best Windows laptop gets better - The Verge,https://www.theverge.com/2020/4/15/21221003/dell-xps-13-2020-review-core-i7-specs-features-price,The Verge,2020,4,15,Dell XPS 13 (2020) review: the best Windows laptop gets better - The Verge
Dell,The best cheap Dell laptop deals for October 2020 - Digital Trends,https://www.digitaltrends.com/dtdeals/best-dell-laptop-deals/,Digital Trends,2020,10,1,The best cheap Dell laptop deals for October 2020 - Digital Trends
Dell,Why Dell Stock Is Up - Motley Fool,https://www.fool.com/investing/2020/06/29/why-dell-stock-is-up.aspx,Motley Fool,2020,6,29,Why Dell Stock Is Up - Motley Fool
Dell,Unpacking how Dell’s debt load and VMware stake could come together - TechCrunch,https://techcrunch.com/2020/07/01/unpacking-how-dells-debt-load-and-vmware-stake-could-come-together/,TechCrunch,2020,7,1,Unpacking how Dell’s debt load and VMware stake could come together - TechCrunch
Dell,Dell XPS 17 (2020) review: heavy hitter - The Verge,https://www.theverge.com/21327454/dell-xps-17-2020-laptop-review-display-test-specs-price-features,The Verge,2020,7,17,Dell XPS 17 (2020) review: heavy hitter - The Verge
Dell,Dell now lets you control iPhones from its PCs - The Verge,https://www.theverge.com/2020/3/25/21193655/dell-mobile-connect-ios-pc-screen-mirroring-drag-and-drop-transfer-files,The Verge,2020,3,25,Dell now lets you control iPhones from its PCs - The Verge
Dell,Dell XPS 15 gets new ‘frost’ white color option coming later this summer - The Verge,https://www.theverge.com/2020/7/9/21319432/dell-xps-15-white-color-option-pricing-release-date-announce,The Verge,2020,7,9,Dell XPS 15 gets new ‘frost’ white color option coming later this summer - The Verge
Dell,"Dell XPS 15 (2020) review: new design, familiar problems - The Verge",https://www.theverge.com/21296277/dell-xps-15-2020-review-design-specs-price-features,The Verge,2020,6,22,"Dell XPS 15 (2020) review: new design, familiar problems - The Verge"
HP,Daily Deals: New HP OMEN 30L RTX 3080 Gaming PC Available on Amazon - IGN,https://www.ign.com/articles/daily-deals-new-hp-omen-30l-rtx-3080-gaming-pc-available-on-amazon,IGN,2020,10,7,Daily Deals: New HP OMEN 30L RTX 3080 Gaming PC Available on Amazon - IGN
HP,5 unbelievably good laptop deals to buy from HP's huge fall sale - USA TODAY,https://www.usatoday.com/story/tech/reviewedcom/2020/09/29/hp-computers-sale-get-laptops-desktops-and-more-big-discount/3565415001/,USA TODAY,2020,9,29,5 unbelievably good laptop deals to buy from HP's huge fall sale - USA TODAY
HP,HP’s new Spectre x360 14 laptop has a 3:2 aspect ratio plus a Thunderbolt 4 port hiding in the corner - The Verge,https://www.theverge.com/2020/10/2/21497532/hp-spectre-x360-14-13-envy-intel-tiger-lake-price-specs-release-date,The Verge,2020,10,2,HP’s new Spectre x360 14 laptop has a 3:2 aspect ratio plus a Thunderbolt 4 port hiding in the corner - The Verge
HP,HP OMEN 27i review: Is this gaming monitor worth buying as a gift? - Chicago Tribune,https://www.chicagotribune.com/consumer-reviews/sns-bestreviews-electronics-hp-omen-27i-monitor-review-20201006-h23g4ormrbhw3cf3jxfwoq3la4-story.html,Chicago Tribune,2020,10,6,HP OMEN 27i review: Is this gaming monitor worth buying as a gift? - Chicago Tribune
HP,HP Envy vs. HP Spectre: What's the Difference? - PCMag,https://www.pcmag.com/news/hp-envy-vs-hp-spectre-whats-the-difference,PCMag,2020,10,1,HP Envy vs. HP Spectre: What's the Difference? - PCMag
HP,HP EliteBook 830 and EliteBook 840 G7 review - Laptop Mag,https://www.laptopmag.com/reviews/hp-elitebook-830-840-g7,Laptop Mag,2020,10,4,HP EliteBook 830 and EliteBook 840 G7 review - Laptop Mag
HP,"HP 2020 ENVY Range - 13, 15, x360 - a step up from ordinary - GadgetGuy",https://www.gadgetguy.com.au/hp-2020-envy-range/,GadgetGuy,2020,10,6,"HP 2020 ENVY Range - 13, 15, x360 - a step up from ordinary - GadgetGuy"
HP,Girl Rising & HP to Announce Final 15 Showcase Stories of My Story at International Day of the Girl Summit - CSRwire.com,https://www.csrwire.com/press_releases/45894-Girl-Rising-HP-to-Announce-Final-15-Showcase-Stories-of-My-Story-at-International-Day-of-the-Girl-Summit,CSRwire.com,2020,10,7,Girl Rising & HP to Announce Final 15 Showcase Stories of My Story at International Day of the Girl Summit - CSRwire.com
HP,HP To Pay $6M SEC Fine For Undisclosed Sales Practices - CRN: Technology news for channel partners and solution providers,https://www.crn.com/news/hp-to-pay-6m-sec-fine-for-undisclosed-sales-practices,CRN: Technology news for channel partners and solution providers,2020,9,30,HP To Pay $6M SEC Fine For Undisclosed Sales Practices - CRN: Technology news for channel partners and solution providers
HP,HP Envy 17 (2020) review - Laptop Mag,https://www.laptopmag.com/reviews/hp-envy-17-2020,Laptop Mag,2020,9,27,HP Envy 17 (2020) review - Laptop Mag
HP,HP Laptops: Made for A New Era of Mobility - Computerworld,https://www.computerworld.com/article/3575857/hp-laptops-made-for-a-new-era-of-mobility.html,Computerworld,2020,9,21,HP Laptops: Made for A New Era of Mobility - Computerworld
HP,HP Spectre x360 and HP Envy Series with 11th gen Intel Core Processors Announced - MySmartPrice,https://www.mysmartprice.com/gear/hp-spectre-x360-hp-envy-series-11th-gen-intel-core-processors-announced/,MySmartPrice,2020,10,5,HP Spectre x360 and HP Envy Series with 11th gen Intel Core Processors Announced - MySmartPrice
HP,Review: HP EliteBook 840 G6 Healthcare Edition Notebook - HealthTech Magazine,https://healthtechmagazine.net/article/2020/09/review-hp-elitebook-840-g6-healthcare-edition-notebook,HealthTech Magazine,2020,9,11,Review: HP EliteBook 840 G6 Healthcare Edition Notebook - HealthTech Magazine
HP,The best HP desktop computer of 2020 - Chicago Tribune,https://www.chicagotribune.com/consumer-reviews/sns-bestreviews-electronics-the-best-hp-desktop-computer-2020-20200923-tmlcs6uf45eljbapilmaogsbp4-story.html,Chicago Tribune,2020,9,23,The best HP desktop computer of 2020 - Chicago Tribune
HP,HP Introduces Its Best Printer for Today's Distributed Workforce - GlobeNewswire,https://www.globenewswire.com/news-release/2020/09/16/2094515/0/en/HP-Introduces-Its-Best-Printer-for-Today-s-Distributed-Workforce.html,GlobeNewswire,2020,9,16,HP Introduces Its Best Printer for Today's Distributed Workforce - GlobeNewswire
HP,HP Expands Bug Bounty Program to Validate Office-Class Ink and Toner Cartridge Security - GlobeNewswire,https://www.globenewswire.com/news-release/2020/10/01/2102152/0/en/HP-Expands-Bug-Bounty-Program-to-Validate-Office-Class-Ink-and-Toner-Cartridge-Security.html,GlobeNewswire,2020,10,1,HP Expands Bug Bounty Program to Validate Office-Class Ink and Toner Cartridge Security - GlobeNewswire
HP,HP Printer Bug Bounty Expands To Include Cartridge Security - Cyber Security News,https://latesthackingnews.com/2020/10/06/hp-printer-bug-bounty-expands-to-include-cartridge-security/,Cyber Security News,2020,10,6,HP Printer Bug Bounty Expands To Include Cartridge Security - Cyber Security News
HP,HP Pavilion Gaming Desktop TG01-0203in Review - Gadgets 360,https://gadgets.ndtv.com/laptops/reviews/hp-pavilion-gaming-desktop-tg01-0203in-review-india-price-ryzen-3700x-geforce-1660-2304459,Gadgets 360,2020,10,3,HP Pavilion Gaming Desktop TG01-0203in Review - Gadgets 360
HP,5 Big Takeaways From HP Reinvent 2020 - CRN: Technology news for channel partners and solution providers,https://www.crn.com/news/channel-programs/5-big-takeaways-from-hp-reinvent-2020,CRN: Technology news for channel partners and solution providers,2020,9,16,5 Big Takeaways From HP Reinvent 2020 - CRN: Technology news for channel partners and solution providers
HP,HP Omen 15 (2020) Review: Improved formula make it a gaming laptop worth buying - MobileSyrup,https://mobilesyrup.com/2020/10/04/hp-omen-15-2020-review-improved-gaming-laptop-formula/,MobileSyrup,2020,10,4,HP Omen 15 (2020) Review: Improved formula make it a gaming laptop worth buying - MobileSyrup
HP,HP's latest Pavilion laptops use recycled ocean-bound plastics - Engadget,https://www.engadget.com/hp-pavilion-laptops-ocean-bound-plastics-120034594.html,Engadget,2020,9,22,HP's latest Pavilion laptops use recycled ocean-bound plastics - Engadget
HP,HP Envy x360 13 (2020) review: This small 2-in-1 is more premium than its price - CNET,https://www.cnet.com/reviews/hp-envy-x360-13-2020-review/,CNET,2020,9,23,HP Envy x360 13 (2020) review: This small 2-in-1 is more premium than its price - CNET
HP,HP and TLF Launch Technology + Social Innovation Program - AiThority,https://aithority.com/it-and-devops/hp-and-the-lagrant-foundation-launch-technology-social-innovation-program/,AiThority,2020,10,2,HP and TLF Launch Technology + Social Innovation Program - AiThority
HP,HP G2 Omnicept: Enterprise-grade VR whose sensors can read “cognitive load” - Ars Technica,https://arstechnica.com/gaming/2020/09/hps-next-vr-headset-loaded-with-biometric-sensors-aimed-at-enterprise/,Ars Technica,2020,9,30,HP G2 Omnicept: Enterprise-grade VR whose sensors can read “cognitive load” - Ars Technica
HP,The HP Pavilion Gaming 15 comes with a convincing 144 Hz display - Notebookcheck.net,https://www.notebookcheck.net/The-HP-Pavilion-Gaming-15-comes-with-a-convincing-144-Hz-display.496359.0.html,Notebookcheck.net,2020,10,3,The HP Pavilion Gaming 15 comes with a convincing 144 Hz display - Notebookcheck.net
HP,HP Device Manager vulnerabilities may allow full system takeover - Help Net Security,https://www.helpnetsecurity.com/2020/10/07/hp-device-manager-vulnerabilities/,Help Net Security,2020,10,7,HP Device Manager vulnerabilities may allow full system takeover - Help Net Security
HP,HP Omen Frequency wireless Specifications And Features - MICE News Philippines,http://www.micenewsph.com/hp-omen-frequency-wireless-specifications-and-features/,MICE News Philippines,2020,10,6,HP Omen Frequency wireless Specifications And Features - MICE News Philippines
HP,HP’s fall gaming lineup includes a new lag-free wireless headset - Engadget,https://www.engadget.com/hp-wireless-lag-free-gaming-accessories-120033121.html,Engadget,2020,9,15,HP’s fall gaming lineup includes a new lag-free wireless headset - Engadget
HP,HP Unveils New Innovations for Businesses Adapting to Rapidly Evolving Workstyles and Workforces - Yahoo Finance,https://finance.yahoo.com/news/hp-unveils-innovations-businesses-adapting-020900580.html,Yahoo Finance,2020,9,28,HP Unveils New Innovations for Businesses Adapting to Rapidly Evolving Workstyles and Workforces - Yahoo Finance
HP,Shop the HP Days Sale for Fall Blowout Savings! - Pocket-lint,https://www.pocket-lint.com/laptops/news/hp/153971-hp-days-sale-savings-details-2020,Pocket-lint,2020,9,27,Shop the HP Days Sale for Fall Blowout Savings! - Pocket-lint
HP,New HP Bug Bounty Program Targets Vulns in Printer ... - Dark Reading,https://www.darkreading.com/vulnerabilities---threats/new-hp-bug-bounty-program-targets-vulns-in-printer-cartridges/d/d-id/1339067,Dark Reading,2020,10,1,New HP Bug Bounty Program Targets Vulns in Printer ... - Dark Reading
HP,"Two die, 282 new cases in HP - United News of India",http://www.uniindia.com/two-die-282-new-cases-in-hp/north/news/2191857.html,United News of India,2020,10,7,"Two die, 282 new cases in HP - United News of India"
HP,"Reinvent 2020: HP Unveils WFH-Friendly PCs, Monitors And Printers - CRN: Technology news for channel partners and solution providers",https://www.crn.com/slide-shows/components-peripherals/reinvent-2020-hp-unveils-wfh-friendly-pcs-monitors-and-printers,CRN: Technology news for channel partners and solution providers,2020,9,16,"Reinvent 2020: HP Unveils WFH-Friendly PCs, Monitors And Printers - CRN: Technology news for channel partners and solution providers"
HP,HP's massive fall sale offers big savings on desktop and laptop deals this weekend - TechRadar,https://www.techradar.com/news/hps-massive-fall-sale-offers-big-savings-on-desktop-and-laptop-deals-this-weekend,TechRadar,2020,10,3,HP's massive fall sale offers big savings on desktop and laptop deals this weekend - TechRadar
HP,4 Things To Know About HP's New Business Boost Platform - CRN: Technology news for channel partners and solution providers,https://www.crn.com/news/mobility/4-things-to-know-about-hp-s-new-business-boost-platform,CRN: Technology news for channel partners and solution providers,2020,9,16,4 Things To Know About HP's New Business Boost Platform - CRN: Technology news for channel partners and solution providers
HP,HP ENVY Pro 6455 Printer review: Can it help a family working/learning from home? - Chicago Tribune,https://www.chicagotribune.com/consumer-reviews/sns-bestreviews-home-hp-envy-pro-6455-printer-review-20200916-s2dg7ixubna6di6v7nn2gxb2la-story.html,Chicago Tribune,2020,9,16,HP ENVY Pro 6455 Printer review: Can it help a family working/learning from home? - Chicago Tribune
HP,250 new Covid cases reported in HP - Hindustan Times,https://www.hindustantimes.com/cities/250-new-covid-cases-reported-in-hp/story-0oJynBzsqhM9XJUOP7d0mO.html,Hindustan Times,2020,10,6,250 new Covid cases reported in HP - Hindustan Times
HP,Dixie Chopper Launches New Residential ZTRs for 2021 Model Year - Farm Equipment Publication,https://www.farm-equipment.com/articles/18815-dixie-chopper-launches-new-residential-ztrs-for-2021-model-year,Farm Equipment Publication,2020,10,7,Dixie Chopper Launches New Residential ZTRs for 2021 Model Year - Farm Equipment Publication
HP,HP Launches Omnicept: Finally VR Takes A Huge Jump - IT Business Edge,https://www.itbusinessedge.com/blogs/unfiltered-opinion/hp-omnicept-vr.html,IT Business Edge,2020,10,2,HP Launches Omnicept: Finally VR Takes A Huge Jump - IT Business Edge
HP,2020 HP Omen 15 Gaming Laptop Quietly Appears In Malaysia - Lowyat.NET,https://www.lowyat.net/2020/223132/2020-hp-omen-15-gaming-laptop-malaysia-first-appearance/,Lowyat.NET,2020,10,7,2020 HP Omen 15 Gaming Laptop Quietly Appears In Malaysia - Lowyat.NET
HP,HP's latest Pavilion laptops reuse post-consumer plastic waste - New Atlas,https://newatlas.com/laptops/hp-pavilion-post-consumer-plastic-waste/,New Atlas,2020,9,28,HP's latest Pavilion laptops reuse post-consumer plastic waste - New Atlas
HP,Rajan Sushant hints about formation of new regional party in HP - United News of India,http://www.uniindia.com/rajan-sushant-hints-about-formation-of-new-regional-party-in-hp/north/news/2191254.html,United News of India,2020,10,7,Rajan Sushant hints about formation of new regional party in HP - United News of India
HP,HP Chief Commercial Officer: COVID-19 Crisis Has Led To A 'More Pronounced Interest In Services' - CRN: Technology news for channel partners and solution providers,https://www.crn.com/news/channel-programs/hp-chief-commercial-officer-covid-19-crisis-has-led-to-a-more-pronounced-interest-in-services-,CRN: Technology news for channel partners and solution providers,2020,9,16,HP Chief Commercial Officer: COVID-19 Crisis Has Led To A 'More Pronounced Interest In Services' - CRN: Technology news for channel partners and solution providers
HP,HP CFO Steve Fieler Departing After Two Years In Role - CRN: Technology news for channel partners and solution providers,https://www.crn.com/news/components-peripherals/hp-cfo-steve-fieler-departing-after-two-years-in-role,CRN: Technology news for channel partners and solution providers,2020,9,9,HP CFO Steve Fieler Departing After Two Years In Role - CRN: Technology news for channel partners and solution providers
HP,"HP Chromebook x360 14c review: Form, function, and fun - Android Central",https://www.androidcentral.com/hp-chromebook-x360-14c-review,Android Central,2020,10,1,"HP Chromebook x360 14c review: Form, function, and fun - Android Central"
HP,Another Minister contract to nCoV in HP - United News of India,http://www.uniindia.com/another-minister-contract-to-ncov-in-hp/north/news/2190989.html,United News of India,2020,10,7,Another Minister contract to nCoV in HP - United News of India
HP,HP Omnicept: The new virtual reality office space of the future - The South African,https://www.thesouthafrican.com/technology/hp-omnicept-virtual-reality-office-space/,The South African,2020,10,7,HP Omnicept: The new virtual reality office space of the future - The South African
HP,"HP exec traces AM progress, with likes of BASF, Oechsler - Advanced Manufacturing",https://www.sme.org/technologies/articles/2020/september/hp-exec-traces-am-progress-with-likes-of-basf-oechsler/,Advanced Manufacturing,2020,9,25,"HP exec traces AM progress, with likes of BASF, Oechsler - Advanced Manufacturing"
HP,"HP launches touchscreen, conferencing monitors designed for life on Zoom - Digital Trends",https://www.digitaltrends.com/computing/hp-zoom-conferencing-monitor/,Digital Trends,2020,9,16,"HP launches touchscreen, conferencing monitors designed for life on Zoom - Digital Trends"
HP,"HP Launches The World's Easiest Plotters for Architect, Engineer, Construction and Home Offices - GlobeNewswire",https://www.globenewswire.com/news-release/2020/09/09/2090896/0/en/HP-Launches-The-World-s-Easiest-Plotters-for-Architect-Engineer-Construction-and-Home-Offices.html,GlobeNewswire,2020,9,9,"HP Launches The World's Easiest Plotters for Architect, Engineer, Construction and Home Offices - GlobeNewswire"
HP,"Just a reminder: Aston Martin is building a 700-HP, $950K V12 Speedster - CNET",https://www.cnet.com/roadshow/news/aston-martin-v12-speedster-prototype/,CNET,2020,10,7,"Just a reminder: Aston Martin is building a 700-HP, $950K V12 Speedster - CNET"
HP,"HP min among 2,417 +ve cases - Times of India",https://timesofindia.indiatimes.com/city/chandigarh/hp-min-among-2417-ve-cases/articleshow/78543930.cms,Times of India,2020,10,7,"HP min among 2,417 +ve cases - Times of India"
HP,HP EliteBook 840 G7 review: A configurable thin laptop suitable for working from anywhere - Techaeris,https://techaeris.com/2020/10/04/hp-elitebook-840-g7-review-configurable-thin-laptop-suitable-working-anywhere/,Techaeris,2020,10,4,HP EliteBook 840 G7 review: A configurable thin laptop suitable for working from anywhere - Techaeris
HP,Blow for Drupa as HP pulls out - printweek.com,https://www.printweek.com/news/article/blow-for-drupa-as-hp-pulls-out,printweek.com,2020,9,28,Blow for Drupa as HP pulls out - printweek.com
HP,2021 Cupra Leon: Plug-In Hybrid Hot Hatch Hits The European Market - CarScoops,https://www.carscoops.com/2020/10/2021-cupra-leon-plug-in-hybrid-hot-hatch-hits-the-european-market/,CarScoops,2020,10,7,2021 Cupra Leon: Plug-In Hybrid Hot Hatch Hits The European Market - CarScoops
HP,HP withdraws from TRNC government ahead of polls - Anadolu Agency,https://www.aa.com.tr/en/europe/hp-withdraws-from-trnc-government-ahead-of-polls/1998113,Anadolu Agency,2020,10,6,HP withdraws from TRNC government ahead of polls - Anadolu Agency
HP,HP names Marie Myers acting chief finance officer - Bizwomen - The Business Journals,https://www.bizjournals.com/bizwomen/news/latest-news/2020/09/hp-names-marie-myers-acting-chief-finance-officer.html?page=all,The Business Journals,2020,9,10,HP names Marie Myers acting chief finance officer - Bizwomen - The Business Journals
HP,HP Congress chief leads tractor march to protest against farm bills - Hindustan Times,https://www.hindustantimes.com/cities/hp-congress-chief-leads-tractor-march-to-protest-against-farm-bills/story-pNpMvjNXO3x2wKytFfaShM.html,Hindustan Times,2020,10,7,HP Congress chief leads tractor march to protest against farm bills - Hindustan Times
HP,Blog: SEC charges HP with failure to disclose known trends and uncertainties - JD Supra,https://www.jdsupra.com/legalnews/blog-sec-charges-hp-with-failure-to-63517/,JD Supra,2020,10,5,Blog: SEC charges HP with failure to disclose known trends and uncertainties - JD Supra
HP,HP is launching the first AMD Ryzen-powered Chromebook - Android Police,https://www.androidpolice.com/2020/09/22/hp-is-launching-the-first-amd-ryzen-powered-chromebook/,Android Police,2020,9,22,HP is launching the first AMD Ryzen-powered Chromebook - Android Police
HP,HP Untethers Gameplay with the Ultimate Wireless Experience - GlobeNewswire,https://www.globenewswire.com/news-release/2020/09/18/2096062/0/en/HP-Untethers-Gameplay-with-the-Ultimate-Wireless-Experience.html,GlobeNewswire,2020,9,18,HP Untethers Gameplay with the Ultimate Wireless Experience - GlobeNewswire
HP,Gear up for the change! Helmerich & Payne Inc. (HP) has hit the volume of 1896653 - The InvestChronicle,https://investchronicle.com/2020/10/07/gear-up-for-the-change-helmerich-payne-inc-hp-has-hit-the-volume-of-1896653/,The InvestChronicle,2020,10,7,Gear up for the change! Helmerich & Payne Inc. (HP) has hit the volume of 1896653 - The InvestChronicle
HP,IndyCar Is Still Going Hybrid With More Than 900 HP in 2023 - The Drive,https://www.thedrive.com/accelerator/36894/indycar-is-still-going-hybrid-with-more-than-900-hp-in-2023,The Drive,2020,10,5,IndyCar Is Still Going Hybrid With More Than 900 HP in 2023 - The Drive
HP,"HP BJP MLA tests positive for COVID-19, warns of legal action against those claiming he 'hid' report - The Tribune India",https://www.tribuneindia.com/news/himachal/hp-bjp-mla-tests-positive-for-covid-19-warns-of-legal-action-against-those-claiming-he-hid-report-152270,The Tribune India,2020,10,7,"HP BJP MLA tests positive for COVID-19, warns of legal action against those claiming he 'hid' report - The Tribune India"
HP,HP Device Manager exploit gave attackers full control over thin client servers - The Daily Swig,https://portswigger.net/daily-swig/hp-device-manager-exploit-gave-attackers-full-control-over-thin-client-servers,The Daily Swig,2020,10,6,HP Device Manager exploit gave attackers full control over thin client servers - The Daily Swig
HP,Here's Our Rant About HP Inc. (HPQ) - The News Heater,https://newsheater.com/2020/10/07/heres-our-rant-about-hp-inc-hpq/,The News Heater,2020,10,7,Here's Our Rant About HP Inc. (HPQ) - The News Heater
HP,HP Inc snags the Outstanding Energy Manager award - The Business Times,https://www.businesstimes.com.sg/hub/energy-efficiency-national-partnership/hp-inc-snags-the-outstanding-energy-manager-award,The Business Times,2020,10,7,HP Inc snags the Outstanding Energy Manager award - The Business Times
HP,SEC charges HP with failure to disclose known trends and uncertainties - Lexology,https://www.lexology.com/library/detail.aspx?g=574e8227-87c1-4903-931b-224b3276041b,Lexology,2020,10,5,SEC charges HP with failure to disclose known trends and uncertainties - Lexology
HP,550-HP Lexus J201 Concept Is an LX570 Reimagined for Adventure - Car and Driver,https://www.caranddriver.com/news/a34286228/lexus-j201-concept-revealed/,Car and Driver,2020,10,6,550-HP Lexus J201 Concept Is an LX570 Reimagined for Adventure - Car and Driver
HP,"ABT’s 730 HP Audi RS6-R Wagon Is A $276,000 Land-Loving Starship - CarScoops",https://www.carscoops.com/2020/09/abts-730-hp-audi-rs6-r-wagon-is-a-276000-land-loving-starship/,CarScoops,2020,9,21,"ABT’s 730 HP Audi RS6-R Wagon Is A $276,000 Land-Loving Starship - CarScoops"
HP,HP Inc. and the Arbor Day Foundation Team Up to Plant One Million Trees by the End of 2020 - GlobeNewswire,https://www.globenewswire.com/news-release/2020/09/22/2097135/0/en/HP-Inc-and-the-Arbor-Day-Foundation-Team-Up-to-Plant-One-Million-Trees-by-the-End-of-2020.html,GlobeNewswire,2020,9,22,HP Inc. and the Arbor Day Foundation Team Up to Plant One Million Trees by the End of 2020 - GlobeNewswire
HP,Pagani Huayra R Has 900+ HP From Naturally Aspirated AMG V12: Report - Motor1,https://www.motor1.com/news/447444/pagani-huayra-900-horsepower-amg/,Motor1,2020,10,6,Pagani Huayra R Has 900+ HP From Naturally Aspirated AMG V12: Report - Motor1
HP,HP Inc. to dole out $2 billion in lump-sum payments - Pensions & Investments,https://www.pionline.com/pension-risk-transfer/hp-inc-dole-out-2-billion-lump-sum-payments,Pensions & Investments,2020,9,9,HP Inc. to dole out $2 billion in lump-sum payments - Pensions & Investments
HP,200 HP Ford Fiesta ST Edition is the hot hatch we want - Auto News - AutoIndustriya.com,https://www.autoindustriya.com/auto-industry-news/200-hp-ford-fiesta-st-edition-is-the-hot-hatch-we-want.html,AutoIndustriya.com,2020,10,6,200 HP Ford Fiesta ST Edition is the hot hatch we want - Auto News - AutoIndustriya.com
HP,Inter-state bus service may resume soon: Lockdown eats up 82% of expected revenue of HP Road Transport Corp - The Indian Express,https://indianexpress.com/article/india/inter-state-bus-service-may-resume-soon-lockdown-eats-up-82-of-expected-revenue-of-hp-road-transport-corp-6707000/,The Indian Express,2020,10,7,Inter-state bus service may resume soon: Lockdown eats up 82% of expected revenue of HP Road Transport Corp - The Indian Express
HP,This 950 HP Nissan NPT-90 Was One of IMSA's Fastest GTP Cars and Is Now Up for Sale - The Drive,https://www.thedrive.com/accelerator/36934/this-950-hp-nissan-npt-90-was-one-of-imsas-fastest-gtp-cars-and-is-now-up-for-sale,The Drive,2020,10,7,This 950 HP Nissan NPT-90 Was One of IMSA's Fastest GTP Cars and Is Now Up for Sale - The Drive
HP,"Skoda Prices New 242-hp Octavia vRS 2.0 TSI From £31,495 In The UK - CarScoops",https://www.carscoops.com/2020/10/skoda-prices-new-242-hp-octavia-vrs-2-0-tsi-from-31495-in-the-uk/,CarScoops,2020,10,7,"Skoda Prices New 242-hp Octavia vRS 2.0 TSI From £31,495 In The UK - CarScoops"
HP,"HP Inc. Deepens Investment in Historically Black Colleges and Universities, Launches Distance Learning Business Challenge - GlobeNewswire",https://www.globenewswire.com/news-release/2020/09/08/2090252/0/en/HP-Inc-Deepens-Investment-in-Historically-Black-Colleges-and-Universities-Launches-Distance-Learning-Business-Challenge.html,GlobeNewswire,2020,9,8,"HP Inc. Deepens Investment in Historically Black Colleges and Universities, Launches Distance Learning Business Challenge - GlobeNewswire"
HP,"HP Chromebook x360 14c review: Efficient functionality, and Fun features - Technowize",https://www.technowize.com/hp-chromebook-x360-14c-review-efficient-functionality-and-fun-features/,Technowize,2020,10,7,"HP Chromebook x360 14c review: Efficient functionality, and Fun features - Technowize"
HP,"2021 KTM 890 Adventure R and 890 Adventure R Rally - 105 hp, 100 Nm, for the extreme adventure rider - Paul Tan's Automotive News",https://paultan.org/2020/10/07/2021-ktm-890-adventure-r-and-890-adventure-r-rally-105-hp-100-nm-for-the-extreme-adventure-rider/,Paul Tan's Automotive News,2020,10,7,"2021 KTM 890 Adventure R and 890 Adventure R Rally - 105 hp, 100 Nm, for the extreme adventure rider - Paul Tan's Automotive News"
HP,HP team begins training without head coach - newagebd.net,https://www.newagebd.net/article/118380/hp-team-begins-training-without-head-coach,newagebd.net,2020,10,7,HP team begins training without head coach - newagebd.net
HP,"Revolt Systems Tesla Model S ""Crate Motor"" Promises 533 HP - autoevolution",https://www.autoevolution.com/news/revolt-systems-tesla-model-s-crate-motor-promises-533-hp-149663.html,autoevolution,2020,10,5,"Revolt Systems Tesla Model S ""Crate Motor"" Promises 533 HP - autoevolution"
HP,HP squad announced for camp - Dhaka Tribune,https://www.dhakatribune.com/sport/2020/10/06/hp-squad-announced-for-camp,Dhaka Tribune,2020,10,6,HP squad announced for camp - Dhaka Tribune
HP,Former HP campus in Loveland hits market for $22.8M - Loveland Reporter-Herald,https://www.reporterherald.com/former-hp-campus-in-loveland-hits-market-for-22-8m,Loveland Reporter-Herald,2020,10,3,Former HP campus in Loveland hits market for $22.8M - Loveland Reporter-Herald
HP,HP Lovecraft Walking Tour returns to Providence - What'sUpNewp,https://whatsupnewp.com/2020/10/h-p-lovecraft-walking-tour-returns-to-providence/,What'sUpNewp,2020,10,5,HP Lovecraft Walking Tour returns to Providence - What'sUpNewp
HP,"HP senior exec shows off new, 3D printed, HP-branded running shoes - 3DPMN",https://www.3dprintingmedia.network/hp-senior-exec-shows-off-new-3d-printed-hp-branded-running-shoes/,3DPMN,2020,9,21,"HP senior exec shows off new, 3D printed, HP-branded running shoes - 3DPMN"
HP,IIROC Trade Resumption - HP - Yahoo Finance,https://finance.yahoo.com/news/iiroc-trade-resumption-hp-164100218.html,Yahoo Finance,2020,10,5,IIROC Trade Resumption - HP - Yahoo Finance
HP,Video: 770 HP G-Power BMW X6 M is outrageously fast on the Autobahn - BMWBLOG,https://www.bmwblog.com/2020/10/06/770-hp-g-power-bmw-x6-m/,BMWBLOG,2020,10,6,Video: 770 HP G-Power BMW X6 M is outrageously fast on the Autobahn - BMWBLOG
HP,Detroit Speed 1970 Chevrolet Camaro Packs Pro-Touring Mods and 700 HP - autoevolution,https://www.autoevolution.com/news/detroit-speed-1970-chevrolet-camaro-packs-pro-touring-mods-and-700-hp-149744.html,autoevolution,2020,10,6,Detroit Speed 1970 Chevrolet Camaro Packs Pro-Touring Mods and 700 HP - autoevolution
HP,"Pagani’s New Huayra R Will Have a 900 HP V12, a New Report Says - Robb Report",https://robbreport.com/motors/cars/paganis-new-huayra-r-will-have-a-900-hp-v-12-a-new-report-says-1234573275/,Robb Report,2020,10,6,"Pagani’s New Huayra R Will Have a 900 HP V12, a New Report Says - Robb Report"
HP,Flash sale: This powerful HP Touch Laptop is over 40 percent off! - Yahoo Entertainment,https://www.yahoo.com/entertainment/hp-touch-laptop-sale-173856428.html,Yahoo Entertainment,2020,9,25,Flash sale: This powerful HP Touch Laptop is over 40 percent off! - Yahoo Entertainment
HP,Watch Shmee150 Tackle Corners In 1500-HP Bugatti Chiron Pur Sport - HotCars,https://www.hotcars.com/watch-shmee150-tackle-corners-in-1500-hp-bugatti-chiron-pur-sport/,HotCars,2020,10,7,Watch Shmee150 Tackle Corners In 1500-HP Bugatti Chiron Pur Sport - HotCars
HP,Hyundai Teases Long-Awaited 2021 i20 N With 201 HP - CarScoops,https://www.carscoops.com/2020/10/hyundai-teases-long-awaited-2021-i20-n/,CarScoops,2020,10,6,Hyundai Teases Long-Awaited 2021 i20 N With 201 HP - CarScoops
HP,"Tesla's 1100-HP, 520+-Mile Model S Plaid to Get New 4680 Battery - Car and Driver",https://www.caranddriver.com/news/a34115854/tesla-model-s-plaid-1100-hp-pre-order/,Car and Driver,2020,10,2,"Tesla's 1100-HP, 520+-Mile Model S Plaid to Get New 4680 Battery - Car and Driver"
HP,HP Inc. (NYSE:HPQ) is Waving the Bear Flag - The Oracle Dispatch,https://oracledispatch.com/2020/10/07/hp-inc-nysehpq-is-waving-the-bear-flag/,The Oracle Dispatch,2020,10,7,HP Inc. (NYSE:HPQ) is Waving the Bear Flag - The Oracle Dispatch
HP,"2021 Mercedes-AMG GT Black Series Takes 730 HP to the Track, Looks Stunning - autoevolution",https://www.autoevolution.com/news/2021-mercedes-amg-gt-black-series-takes-730-hp-to-the-track-looks-stunning-149649.html,autoevolution,2020,10,5,"2021 Mercedes-AMG GT Black Series Takes 730 HP to the Track, Looks Stunning - autoevolution"
HP,"Google Third-Party Verification Launches With Integral Ad Science, HP As Beta Customer 10/01/2020 - MediaPost Communications",https://www.mediapost.com/publications/article/356427/google-third-party-verification-launches-with-inte.html,MediaPost Communications,2020,10,1,"Google Third-Party Verification Launches With Integral Ad Science, HP As Beta Customer 10/01/2020 - MediaPost Communications"
HP,"HP Inc. Shares New Film “Dear Future Me,” Highlighting Impact of the Pandemic on Students - WebWire",https://www.webwire.com/ViewPressRel.asp?aId=263875,WebWire,2020,9,10,"HP Inc. Shares New Film “Dear Future Me,” Highlighting Impact of the Pandemic on Students - WebWire"
HP,Pagani Huayra R Could Get a 900-HP Naturally Aspirated V-12 - RoadandTrack.com,https://www.roadandtrack.com/news/a34285224/pagani-huayra-r-will-get-na-v-12-report/,RoadandTrack.com,2020,10,6,Pagani Huayra R Could Get a 900-HP Naturally Aspirated V-12 - RoadandTrack.com
HP,Tanner Foust’s VW Passat Drift Car Goes Up Against 720 HP Supra Mk4 - CarScoops,https://www.carscoops.com/2020/10/tanner-fousts-vw-passat-drift-car-goes-up-against-720-hp-supra-mk4/,CarScoops,2020,10,7,Tanner Foust’s VW Passat Drift Car Goes Up Against 720 HP Supra Mk4 - CarScoops
Lenovo,Lenovo ThinkPad X1 Carbon (2021) leaks with this new key feature - Laptop Mag,https://www.laptopmag.com/news/lenovo-thinkpad-x1-carbon-2021-leaks-with-this-new-key-feature,Laptop Mag,2020,10,6,Lenovo ThinkPad X1 Carbon (2021) leaks with this new key feature - Laptop Mag
Lenovo,Lenovo IdeaPad Flex 3 Chromebook review - TechRadar,https://www.techradar.com/reviews/lenovo-ideapad-flex-3-chromebook,TechRadar,2020,10,7,Lenovo IdeaPad Flex 3 Chromebook review - TechRadar
Lenovo,Lenovo: PCs are far from dead - ComputerWeekly.com,https://www.computerweekly.com/microscope/news/252490216/Lenovo-PCs-are-far-from-dead,ComputerWeekly.com,2020,10,7,Lenovo: PCs are far from dead - ComputerWeekly.com
Lenovo,Lenovo Yoga Slim 7i Carbon leaked to be a unique union of two brands - SlashGear,https://www.slashgear.com/lenovo-yoga-slim-7i-carbon-leaked-to-be-a-unique-union-of-two-brands-07641358/,SlashGear,2020,10,7,Lenovo Yoga Slim 7i Carbon leaked to be a unique union of two brands - SlashGear
Lenovo,Lenovo Tab P11 spotted in Google Play Console listing - GSMArena.com news - GSMArena.com,https://www.gsmarena.com/lenovo_tab_p11_spotted_in_google_play_console_listing_-news-45667.php,GSMArena.com,2020,10,7,Lenovo Tab P11 spotted in Google Play Console listing - GSMArena.com news - GSMArena.com
Lenovo,The world’s first foldable PC is now available to order from Lenovo - The Verge,https://www.theverge.com/2020/9/29/21473735/lenovo-thinkpad-x1-fold-foldable-pc-nano-thinkbook-5g-tiger-lake-intel-evo,The Verge,2020,9,29,The world’s first foldable PC is now available to order from Lenovo - The Verge
Lenovo,Gaming laptop deals: top sales from Lenovo and Dell up to $800 off this weekend - TechRadar,https://www.techradar.com/news/gaming-laptop-deals-top-sales-from-lenovo-and-dell-up-to-dollar800-off-this-weekend,TechRadar,2020,10,4,Gaming laptop deals: top sales from Lenovo and Dell up to $800 off this weekend - TechRadar
Lenovo,Lenovo ThinkPad X13 (AMD) Review - PCMag,https://www.pcmag.com/reviews/lenovo-thinkpad-x13-amd,PCMag,2020,10,2,Lenovo ThinkPad X13 (AMD) Review - PCMag
Lenovo,Lenovo Tab P11 Google Play Console listing reveals certain specs - gizmochina,https://www.gizmochina.com/2020/10/07/lenovo-tab-p11-google-play-console-listing-reveals-certain-specs/,gizmochina,2020,10,7,Lenovo Tab P11 Google Play Console listing reveals certain specs - gizmochina
Lenovo,Lenovo unveils the ‘featherweight’ ThinkPad X1 Nano - Backend News,https://backendnews.net/lenovo-unveils-the-featherweight-thinkpad-x1-nano/,Backend News,2020,10,5,Lenovo unveils the ‘featherweight’ ThinkPad X1 Nano - Backend News
Lenovo,Best Lenovo Chromebook Duet Cases 2020 - Android Central,https://www.androidcentral.com/best-lenovo-chromebook-duet-cases,Android Central,2020,10,5,Best Lenovo Chromebook Duet Cases 2020 - Android Central
Lenovo,Lenovo begins selling OEM Ubuntu PCs to the general public - Ars Technica,https://arstechnica.com/gadgets/2020/09/lenovo-launches-new-oem-linux-thinkpad-and-thinkstation-pcs/,Ars Technica,2020,9,23,Lenovo begins selling OEM Ubuntu PCs to the general public - Ars Technica
Lenovo,"Lenovo End of Summer Clearance Sale: Save Up to 67% on ThinkPads, Yoga Laptops, More - PCMag.com",https://www.pcmag.com/deals/lenovo-end-of-summer-clearance-sale-save-up-to-67-on-thinkpads-yoga-laptops,PCMag.com,2020,9,24,"Lenovo End of Summer Clearance Sale: Save Up to 67% on ThinkPads, Yoga Laptops, More - PCMag.com"
Lenovo,Lenovo Legion 5i vs. 7i: Battle of the gaming brothers - Laptop Mag,https://www.laptopmag.com/features/lenovo-legion-5i-vs-7i-battle-of-the-gaming-brothers,Laptop Mag,2020,10,3,Lenovo Legion 5i vs. 7i: Battle of the gaming brothers - Laptop Mag
Lenovo,Lenovo Yoga C940 14 hits all-time low price of $869 in epic laptop deal - Laptop Mag,https://www.laptopmag.com/news/lenovo-yoga-c940-14-hits-all-time-low-price-of-dollar869-in-epic-laptop-deal,Laptop Mag,2020,10,2,Lenovo Yoga C940 14 hits all-time low price of $869 in epic laptop deal - Laptop Mag
Lenovo,"US Blocks Imports From Chinese Laptop Maker Tied to Lenovo, Google - PCMag",https://www.pcmag.com/news/us-blocks-imports-from-chinese-laptop-maker-tied-to-lenovo-google,PCMag,2020,9,14,"US Blocks Imports From Chinese Laptop Maker Tied to Lenovo, Google - PCMag"
Lenovo,"Lenovo takes $1,249 off the excellent ThinkPad X1 Carbon - Laptop Mag",https://www.laptopmag.com/news/lenovo-takes-dollar1249-off-the-excellent-thinkpad-x1-carbon,Laptop Mag,2020,9,25,"Lenovo takes $1,249 off the excellent ThinkPad X1 Carbon - Laptop Mag"
Lenovo,Lenovo IdeaPad Slim 7 review: a showcase for AMD - The Verge,https://www.theverge.com/21423498/lenovo-ideapad-slim-7-2020-amd-review,The Verge,2020,9,9,Lenovo IdeaPad Slim 7 review: a showcase for AMD - The Verge
Lenovo,"Lenovo’s Smart Tab M8 packs Google Assistant, 2-in-1 design, more for just $90 - 9to5Toys",https://9to5toys.com/2020/10/05/lenovo-smart-tab-m8/,9to5Toys,2020,10,5,"Lenovo’s Smart Tab M8 packs Google Assistant, 2-in-1 design, more for just $90 - 9to5Toys"
Lenovo,"Lenovo launching the first foldable PC, the ThinkPad X1 Fold - TechTarget",https://searchenterprisedesktop.techtarget.com/news/252490221/Lenovo-launching-the-first-foldable-PC-the-ThinkPad-X1-Fold,TechTarget,2020,10,7,"Lenovo launching the first foldable PC, the ThinkPad X1 Fold - TechTarget"
Lenovo,"Lenovo Semi-Annual Sale: Up to 60% Off PCs, Doorbuster Deals, Electronics, More - PCMag.com",https://www.pcmag.com/deals/lenovo-semi-annual-sale-up-to-62-percent-off-legion-gaming-pcs-yoga-laptops,PCMag.com,2020,9,30,"Lenovo Semi-Annual Sale: Up to 60% Off PCs, Doorbuster Deals, Electronics, More - PCMag.com"
Lenovo,Lenovo ThinkPad T14s Review - PCMag,https://www.pcmag.com/reviews/lenovo-thinkpad-t14s,PCMag,2020,9,10,Lenovo ThinkPad T14s Review - PCMag
Lenovo,Lenovo’s latest ThinkBook 15 has built-in wireless earbuds - Engadget,https://www.engadget.com/lenovo-thinkbook-15-gen-2-i-wireless-earbuds-100017486.html,Engadget,2020,9,29,Lenovo’s latest ThinkBook 15 has built-in wireless earbuds - Engadget
Lenovo,The Lenovo ThinkBook 15p features Nvidia GTX graphics and an X-Rite Pantone calibrated display - Notebookcheck.net,https://www.notebookcheck.net/The-Lenovo-ThinkBook-15p-features-Nvidia-GTX-graphics-and-an-X-Rite-Pantone-calibrated-display.495994.0.html,Notebookcheck.net,2020,9,29,The Lenovo ThinkBook 15p features Nvidia GTX graphics and an X-Rite Pantone calibrated display - Notebookcheck.net
Lenovo,The Lenovo Legion Phone Duel goes on sale in Europe for €1000 - XDA Developers,https://www.xda-developers.com/buy-lenovo-legion-phone-duel-gaming-phone-europe-price/,XDA Developers,2020,10,5,The Lenovo Legion Phone Duel goes on sale in Europe for €1000 - XDA Developers
Lenovo,"Review: Lenovo's 8th-Gen X1 Carbon Remains A Favorite For Its Portability, Performance - CRN: Technology news for channel partners and solution providers",https://www.crn.com/news/mobility/review-lenovo-s-8th-gen-x1-carbon-remains-a-favorite-for-its-portability-performance,CRN: Technology news for channel partners and solution providers,2020,9,28,"Review: Lenovo's 8th-Gen X1 Carbon Remains A Favorite For Its Portability, Performance - CRN: Technology news for channel partners and solution providers"
Lenovo,Lenovo IdeaPad 5 14 inch - TechRadar,https://www.techradar.com/reviews/lenovo-ideapad-5-14-inch,TechRadar,2020,9,28,Lenovo IdeaPad 5 14 inch - TechRadar
Lenovo,How Lenovo's Morrisville team pushed through the pandemic to launch new PCs - Triangle Business Journal,https://www.bizjournals.com/triangle/news/2020/09/30/how-lenovos-morrisville-team-led-product-launch.html,Triangle Business Journal,2020,9,30,How Lenovo's Morrisville team pushed through the pandemic to launch new PCs - Triangle Business Journal
Lenovo,Lenovo Smart Tab M10 Plus (2020) review - Laptop Mag,https://www.laptopmag.com/reviews/lenovo-smart-tab-m10-plus-2020,Laptop Mag,2020,9,26,Lenovo Smart Tab M10 Plus (2020) review - Laptop Mag
Lenovo,Lenovo ThinkPad X1 Fold: Literally the Most Flexible Notebook - eWeek,https://www.eweek.com/pc-hardware/lenovo-thinkpad-x1-fold-literally-the-most-flexible-notebook,eWeek,2020,10,1,Lenovo ThinkPad X1 Fold: Literally the Most Flexible Notebook - eWeek
Lenovo,"Lenovo’s Bluetooth TrackPoint II Keyboard falls to $77.50, more from $18 - 9to5Toys",https://9to5toys.com/2020/10/06/lenovo-trackpoint-ii-keyboard/,9to5Toys,2020,10,6,"Lenovo’s Bluetooth TrackPoint II Keyboard falls to $77.50, more from $18 - 9to5Toys"
Lenovo,"Lenovo USI Pen is now available for IdeaPad Duet, other devices - 9to5Google",https://9to5google.com/2020/09/17/lenovo-usi-pen-ideapad-duet/,9to5Google,2020,9,17,"Lenovo USI Pen is now available for IdeaPad Duet, other devices - 9to5Google"
Lenovo,A Windows 10 update is crashing a bunch of Lenovo ThinkPad laptops - PC Gamer,https://www.pcgamer.com/a-windows-10-update-is-crashing-a-bunch-of-lenovo-thinkpad-laptops/,PC Gamer,2020,9,22,A Windows 10 update is crashing a bunch of Lenovo ThinkPad laptops - PC Gamer
Lenovo,Lenovo IdeaPad Chromebook Duet review - GSMArena.com news - GSMArena.com,https://www.gsmarena.com/lenovo_ideapad_chromebook_duet_review-news-45376.php,GSMArena.com,2020,9,20,Lenovo IdeaPad Chromebook Duet review - GSMArena.com news - GSMArena.com
Lenovo,Lenovo G27c-10 Review: 165 Hz curved gaming monitor For $200 - Digital Trends,https://www.digitaltrends.com/monitor-reviews/lenovo-g27c-10-review/,Digital Trends,2020,10,6,Lenovo G27c-10 Review: 165 Hz curved gaming monitor For $200 - Digital Trends
Lenovo,Lenovo ThinkBook Plus: Dual-screen wonder with good multitasking - The Financial Express,https://www.financialexpress.com/industry/technology/lenovo-thinkbook-plus-dual-screen-wonder-with-good-multitasking/2100196/,The Financial Express,2020,10,7,Lenovo ThinkBook Plus: Dual-screen wonder with good multitasking - The Financial Express
Lenovo,Lenovo Reviews EMEA PR Agency Roster - PRovoke Media,https://www.provokemedia.com/latest/article/lenovo-reviews-emea-pr-agency-roster,PRovoke Media,2020,10,6,Lenovo Reviews EMEA PR Agency Roster - PRovoke Media
Lenovo,Microsoft warns: This Windows 10 workaround to cure Lenovo ThinkPad BSODs hits security - ZDNet,https://www.zdnet.com/article/microsoft-warns-this-windows-10-workaround-to-cure-lenovo-thinkpad-bsods-hits-security/,ZDNet,2020,9,17,Microsoft warns: This Windows 10 workaround to cure Lenovo ThinkPad BSODs hits security - ZDNet
Lenovo,Lenovo ThinkPad X1 Titanium & X1 Nano make an appearance on Youtube - Notebookcheck.net,https://www.notebookcheck.net/Lenovo-ThinkPad-X1-Titanium-X1-Nano-make-an-appearance-on-Youtube.494514.0.html,Notebookcheck.net,2020,9,17,Lenovo ThinkPad X1 Titanium & X1 Nano make an appearance on Youtube - Notebookcheck.net
Lenovo,OnMSFT's big gaming giveaway: win a Lenovo Legion 5i! - OnMSFT,https://www.onmsft.com/hotdeals/onmsfts-big-gaming-giveaway-win-a-lenovo-legion-5i,OnMSFT,2020,10,5,OnMSFT's big gaming giveaway: win a Lenovo Legion 5i! - OnMSFT
Lenovo,Lenovo Flex 5 Chromebook review: More Chromebook for now and later - CNET,https://www.cnet.com/reviews/lenovo-chromebook-flex-5-review/,CNET,2020,9,24,Lenovo Flex 5 Chromebook review: More Chromebook for now and later - CNET
Lenovo,Lenovo To Sell OEM Ubuntu PCs To the Public - Tom's Hardware,https://www.tomshardware.com/news/lenovo-to-sell-oem-ubuntu-pcs-to-the-public,Tom's Hardware,2020,9,24,Lenovo To Sell OEM Ubuntu PCs To the Public - Tom's Hardware
Lenovo,InterDigital Boosts Case Against Lenovo For Global IP Rates - Law360,https://www.law360.com/articles/1317144/interdigital-boosts-case-against-lenovo-for-global-ip-rates,Law360,2020,10,6,InterDigital Boosts Case Against Lenovo For Global IP Rates - Law360
Lenovo,Lenovo Legion 5i gaming laptop gets $320 price cut in epic deal - Laptop Mag,https://www.laptopmag.com/news/lenovo-legion-5i-gaming-laptop-gets-dollar320-price-cut-in-epic-deal,Laptop Mag,2020,9,11,Lenovo Legion 5i gaming laptop gets $320 price cut in epic deal - Laptop Mag
Lenovo,Lenovo introduces four new HCI solutions - Network World,https://www.networkworld.com/article/3573787/lenovo-introduces-four-new-hci-solutions.html,Network World,2020,9,11,Lenovo introduces four new HCI solutions - Network World
Lenovo,Lenovo’s new Yoga laptops feature the latest Intel and AMD chips - The Verge,https://www.theverge.com/2020/8/18/21373719/lenovo-yoga-7i-6-convertible-laptops-intel-amd-processors-windows,The Verge,2020,8,18,Lenovo’s new Yoga laptops feature the latest Intel and AMD chips - The Verge
Lenovo,Waiting for the best Prime Day laptop deals? Check out this Lenovo sale TODAY - T3 (US),https://www.t3.com/us/news/waiting-for-the-best-prime-day-laptop-deals-check-out-lenovos-semi-annual-sale-today,T3 (US),2020,10,2,Waiting for the best Prime Day laptop deals? Check out this Lenovo sale TODAY - T3 (US)
Lenovo,Lenovo’s Essential Smart Clock w/Google Assistant just arrived at Best Buy - Chrome Unboxed,https://chromeunboxed.com/lenovos-essential-smart-clock-w-google-assistant-just-arrived-at-best-buy/,Chrome Unboxed,2020,10,7,Lenovo’s Essential Smart Clock w/Google Assistant just arrived at Best Buy - Chrome Unboxed
Lenovo,Nokia wins patent fight against Lenovo in Germany and can ask for ban of products there - Nokiamob,https://nokiamob.net/2020/10/01/nokia-wins-patent-fight-against-lenovo-in-germany-and-can-ask-for-ban-of-products-there/,Nokiamob,2020,10,1,Nokia wins patent fight against Lenovo in Germany and can ask for ban of products there - Nokiamob
Lenovo,"The Lenovo Legion Duel gaming phone launched in Europe: Starts at €999.99 (RM4,879) - KLGadgetGuy - KLGadgetGuy - Explore, Educate, Smartphones, Computers, Automotive Tech",https://klgadgetguy.com/2020/10/05/the-lenovo-legion-duel-launch/,"KLGadgetGuy - Explore, Educate, Smartphones, Computers, Automotive Tech",2020,10,5,"The Lenovo Legion Duel gaming phone launched in Europe: Starts at €999.99 (RM4,879) - KLGadgetGuy - KLGadgetGuy - Explore, Educate, Smartphones, Computers, Automotive Tech"
Lenovo,"The foldable Lenovo PC can be yours - at a $2,500 starting price - Gamereactor UK",https://www.gamereactor.eu/the-foldable-lenovo-pc-can-be-yours-at-a-2500-starting-price/,Gamereactor UK,2020,10,1,"The foldable Lenovo PC can be yours - at a $2,500 starting price - Gamereactor UK"
Lenovo,Lenovo ThinkBook Plus review: It’s second e-Ink screen on the lid that won us over - The Indian Express,https://indianexpress.com/article/technology/tech-reviews/lenovo-thinkbook-plus-review-6703258/,The Indian Express,2020,10,6,Lenovo ThinkBook Plus review: It’s second e-Ink screen on the lid that won us over - The Indian Express
Lenovo,Lenovo's Google Assistant Smart Clock is half price at Best Buy - Engadget,https://www.engadget.com/lenovo-smart-clock-half-price-best-buy-121511946.html,Engadget,2020,9,14,Lenovo's Google Assistant Smart Clock is half price at Best Buy - Engadget
Lenovo,"Lenovo Flex 5G review: The first 5G laptop offers crazy battery life, as well as compromises - PCWorld",https://www.pcworld.com/article/3574970/lenovo-flex-5g-review.html,PCWorld,2020,9,28,"Lenovo Flex 5G review: The first 5G laptop offers crazy battery life, as well as compromises - PCWorld"
Lenovo,Lenovo to set up new in-house manufacturing plant in Hungary - evertiq.com,https://evertiq.com/news/48875,evertiq.com,2020,9,30,Lenovo to set up new in-house manufacturing plant in Hungary - evertiq.com
Lenovo,Lenovo LEGION Gaming Laptop Giveaway | Game Rant - GameRant,https://gamerant.com/lenovo-legion-gaming-laptop-giveaway-contest/,GameRant,2020,9,21,Lenovo LEGION Gaming Laptop Giveaway | Game Rant - GameRant
Lenovo,Lenovo expands ThinkBook lineup to cater to ‘work-from-anywhere’ workforce - Backend News,https://backendnews.net/lenovo-expands-thinkbook-lineup-to-cater-to-work-from-anywhere-workforce/,Backend News,2020,10,6,Lenovo expands ThinkBook lineup to cater to ‘work-from-anywhere’ workforce - Backend News
Lenovo,"Lenovo's foldable PC is back, Pixel 5 later today, plus more tech news! - Android Authority",https://www.androidauthority.com/lenovos-foldable-pc-is-back-pixel-5-later-today-plus-more-tech-news-1163229/,Android Authority,2020,9,30,"Lenovo's foldable PC is back, Pixel 5 later today, plus more tech news! - Android Authority"
Lenovo,iPad Pro to Lenovo Chromebook Duet: Five productivity-focused tablets for remote working - The Indian Express,https://indianexpress.com/article/technology/techook/five-productivity-tablets-work-from-home-ipad-chromebook-s7-tab-surface-pro-7-6618074/,The Indian Express,2020,9,29,iPad Pro to Lenovo Chromebook Duet: Five productivity-focused tablets for remote working - The Indian Express
Lenovo,"Lenovo Delivers New/Updated Solutions for HCI, OEMs - eWeek",https://www.eweek.com/servers/lenovo-delivers-new-updated-solutions-for-hci-oems,eWeek,2020,9,9,"Lenovo Delivers New/Updated Solutions for HCI, OEMs - eWeek"
Lenovo,The $169 “cheap” Lenovo Chromebook 3 is back in stock - Chrome Unboxed,https://chromeunboxed.com/the-169-cheap-lenovo-chromebook-3-is-back-in-stock/,Chrome Unboxed,2020,10,5,The $169 “cheap” Lenovo Chromebook 3 is back in stock - Chrome Unboxed
Lenovo,"Lenovo A8 launching in PH Oct 12. Its specs, price abroad here - Revü",https://www.revu.com.ph/2020/10/lenovo-a8-ph-launch-date-my-price-specs/,Revü,2020,10,3,"Lenovo A8 launching in PH Oct 12. Its specs, price abroad here - Revü"
Lenovo,Lenovo USI Stylus Review – A sign of things to come - Chrome Unboxed,https://chromeunboxed.com/lenovo-usi-stylus-review,Chrome Unboxed,2020,9,28,Lenovo USI Stylus Review – A sign of things to come - Chrome Unboxed
Lenovo,Lenovo's Partnership Prowess On Display With New And Updated Datacenter Solutions And Services - Forbes,https://www.forbes.com/sites/moorinsights/2020/09/29/lenovos-partnership-prowess-on-display-with-new-and-updated-datacenter-solutions-and-services/,Forbes,2020,9,29,Lenovo's Partnership Prowess On Display With New And Updated Datacenter Solutions And Services - Forbes
Lenovo,"Rugged Computer Market to See Massive Growth by 2027 | GE, Lenovo, Xplore Technologies, Getac, Panasonic, Dell, Roda, Handheld Group - re:Jerusalem",https://rejerusalem.com/17782/rugged-computer-market-to-see-massive-growth-by-2027-ge-lenovo-xplore-technologies-getac-panasonic-dell-roda-handheld-group/,re:Jerusalem,2020,10,7,"Rugged Computer Market to See Massive Growth by 2027 | GE, Lenovo, Xplore Technologies, Getac, Panasonic, Dell, Roda, Handheld Group - re:Jerusalem"
Lenovo,Lenovo unveils world's first foldable PC - Yahoo Finance,https://finance.yahoo.com/video/lenovo-unveils-worlds-first-foldable-182205749.html,Yahoo Finance,2020,9,30,Lenovo unveils world's first foldable PC - Yahoo Finance
Lenovo,Lenovo Data Centre boosts cloud strategy with HCI partnerships - ITWeb,https://www.itweb.co.za/content/raYAyMod1bEqJ38N,ITWeb,2020,10,5,Lenovo Data Centre boosts cloud strategy with HCI partnerships - ITWeb
Lenovo,These 17 Prime Day deals are already available to buy today - Android Central,https://www.androidcentral.com/17-prime-day-deal-available-buy-today,Android Central,2020,10,7,These 17 Prime Day deals are already available to buy today - Android Central
Lenovo,"Global Laptop Carry Case Market Report 2020-2024 Featuring Lenovo, Samsonite, Thule, ACCO Brands & Wenger - WFMZ Allentown",https://www.wfmz.com/news/pr_newswire/pr_newswire_technology/global-laptop-carry-case-market-report-2020-2024-featuring-lenovo-samsonite-thule-acco-brands-wenger/article_bdfa6045-eff2-5de1-8c3c-118aaaf7a056.html,WFMZ Allentown,2020,10,6,"Global Laptop Carry Case Market Report 2020-2024 Featuring Lenovo, Samsonite, Thule, ACCO Brands & Wenger - WFMZ Allentown"
Lenovo,Excellent value: Amazon has the $409 Lenovo Flex 5 Chromebook in stock - About Chromebooks,https://www.aboutchromebooks.com/news/excellent-value-amazon-has-the-409-lenovo-flex-5-chromebook-in-stock/,About Chromebooks,2020,9,27,Excellent value: Amazon has the $409 Lenovo Flex 5 Chromebook in stock - About Chromebooks
Lenovo,Lenovo has launched its lightest ever ThinkPad - DigitalStudio ME,https://www.digitalstudiome.com/technology/35647-lenovo-has-launched-its-lightest-ever-thinkpad,DigitalStudio ME,2020,10,2,Lenovo has launched its lightest ever ThinkPad - DigitalStudio ME
Lenovo,"Global PC Stick Market By Top Companies Intel, ASUS, Azulle, Lenovo - The Daily Chronicle",https://thedailychronicle.in/news/2387965/global-pc-stick-market-by-top-companies-intel-asus-azulle-lenovo/,The Daily Chronicle,2020,10,5,"Global PC Stick Market By Top Companies Intel, ASUS, Azulle, Lenovo - The Daily Chronicle"
Lenovo,"Cloud Hardware Market | Industry Insight 2020-2026 Covered players: IBM Corporation, Hewlett-Packard Enterprise, Huawei, Lenovo Group Ltd., Cisco Systems, Inc., Dell, Inc., Inspur, NetApp, Inc, and More - re:Jerusalem",https://rejerusalem.com/9532/cloud-hardware-market-industry-insight-2020-2026-covered-players-ibm-corporation-hewlett-packard-enterprise-huawei-lenovo-group-ltd-cisco-systems-inc-dell-inc-inspur-netapp-inc-and-mo/,re:Jerusalem,2020,10,6,"Cloud Hardware Market | Industry Insight 2020-2026 Covered players: IBM Corporation, Hewlett-Packard Enterprise, Huawei, Lenovo Group Ltd., Cisco Systems, Inc., Dell, Inc., Inspur, NetApp, Inc, and More - re:Jerusalem"
Lenovo,Tech Data Leadership Team Now Includes Longtime Lenovo Channel Head - Channel Futures,https://www.channelfutures.com/leadership/tech-data-leadership-team-now-includes-longtime-lenovo-channel-head,Channel Futures,2020,9,29,Tech Data Leadership Team Now Includes Longtime Lenovo Channel Head - Channel Futures
Lenovo,Lenovo Chromebook Duet review: A dual-mode Chromebook tablet - Techaeris,https://techaeris.com/2020/10/02/lenovo-chromebook-duet-review-dual-mode-chromebook-tablet/,Techaeris,2020,10,2,Lenovo Chromebook Duet review: A dual-mode Chromebook tablet - Techaeris
Lenovo,"Today’s Top Tech Deals: $430 Off a 4K Sony TV, Lenovo’s Big Sale on Computers, and More! - XDA Developers",https://www.xda-developers.com/top-5-deals-october-2/,XDA Developers,2020,10,2,"Today’s Top Tech Deals: $430 Off a 4K Sony TV, Lenovo’s Big Sale on Computers, and More! - XDA Developers"
Lenovo,Lenovo adds nine new laptops to its ThinkPad lineup - The Verge,https://www.theverge.com/2020/2/24/21147697/lenovo-thinkpad-x-series-t-series-lineup-announce-pricing-release-date,The Verge,2020,2,24,Lenovo adds nine new laptops to its ThinkPad lineup - The Verge
Lenovo,The Yoga 9i is Lenovo’s new flagship convertible laptop - The Verge,https://www.theverge.com/2020/8/31/21404835/lenovo-yoga-9i-ideapad-slim-laptops-new-convertible,The Verge,2020,8,31,The Yoga 9i is Lenovo’s new flagship convertible laptop - The Verge
Lenovo,There Is a Pair of TWS Earbuds Hidden Inside Lenovo’s New ThinkBook - Beebom,https://beebom.com/tws-earbuds-hidden-inside-new-lenovo-thinkbook/,Beebom,2020,10,2,There Is a Pair of TWS Earbuds Hidden Inside Lenovo’s New ThinkBook - Beebom
Lenovo,"Lenovo Back-to-School Sale: Up to 60% Off ThinkPads, ThinkBooks, Tablets, More - PCMag.com",https://www.pcmag.com/deals/lenovo-back-to-school-sale-up-to-60-off-thinkpads-thinkbooks-tablets-more,PCMag.com,2020,7,22,"Lenovo Back-to-School Sale: Up to 60% Off ThinkPads, ThinkBooks, Tablets, More - PCMag.com"
Lenovo,Lenovo made two new tablets with detachable Bluetooth keyboards - Circuit Breaker,https://www.theverge.com/circuitbreaker/2020/5/26/21270506/lenovo-tablets-yoga-duet-7i-ideapad-duet-3i-features-specs-price,Circuit Breaker,2020,5,26,Lenovo made two new tablets with detachable Bluetooth keyboards - Circuit Breaker
Lenovo,"New report raises more questions about Lenovo, forced labor in China - WRAL Tech Wire",https://www.wraltechwire.com/2020/08/21/new-report-raises-more-questions-about-lenovo-forced-labor-in-china/,WRAL Tech Wire,2020,8,21,"New report raises more questions about Lenovo, forced labor in China - WRAL Tech Wire"
Lenovo,Lenovo is joining Dell in the “OEM Linux Laptop” club - Ars Technica,https://arstechnica.com/gadgets/2020/04/lenovo-is-joining-dell-in-the-oem-linux-laptop-club/,Ars Technica,2020,4,27,Lenovo is joining Dell in the “OEM Linux Laptop” club - Ars Technica
Lenovo,Lenovo updates even more of its ThinkPad lineup to Intel’s 10th Gen processors - The Verge,https://www.theverge.com/2020/6/18/21295588/lenovo-thinkpad-x1-extreme-p-series-p15-p17-p15v-p1-release-date-price-specs-features,The Verge,2020,6,18,Lenovo updates even more of its ThinkPad lineup to Intel’s 10th Gen processors - The Verge
Lenovo,Lenovo believes in the Linux desktop - ZDNet,https://www.zdnet.com/article/lenovo-believes-in-the-linux-desktop/,ZDNet,2020,6,3,Lenovo believes in the Linux desktop - ZDNet
Lenovo,"Lenovo laptop clearance sale takes up to $1,639 off ThinkPad notebooks - Laptop Mag",https://www.laptopmag.com/news/lenovo-laptop-clearance-sale-takes-up-to-dollar1639-off-thinkpad-notebooks,Laptop Mag,2020,7,17,"Lenovo laptop clearance sale takes up to $1,639 off ThinkPad notebooks - Laptop Mag"
Lenovo,Lenovo ThinkPad 2020 lineup leaks — affordable ThinkPads could arrive soon - Laptop Mag,https://www.laptopmag.com/news/lenovo-thinkpad-2020-lineup-leaks-affordable-thinkpads-could-arrive-soon,Laptop Mag,2020,5,6,Lenovo ThinkPad 2020 lineup leaks — affordable ThinkPads could arrive soon - Laptop Mag
Lenovo,Lenovo debuts two education PCs with new AMD chips on board - Windows Central,https://www.windowscentral.com/lenovo-debuts-two-education-pcs-new-amd-chips-board,Windows Central,2020,8,4,Lenovo debuts two education PCs with new AMD chips on board - Windows Central
Lenovo,Lenovo releases first Fedora Linux ThinkPad laptop - ZDNet,https://www.zdnet.com/article/lenovo-releases-first-fedora-linux-thinkpad-laptop/,ZDNet,2020,9,3,Lenovo releases first Fedora Linux ThinkPad laptop - ZDNet
Lenovo,Working (or gaming) from home? Save on gear from Lenovo - CNET,https://www.cnet.com/news/working-or-gaming-from-home-save-on-gear-from-lenovo/,CNET,2020,4,27,Working (or gaming) from home? Save on gear from Lenovo - CNET
Lenovo,Lenovo Yoga C740 review: par for the course - The Verge,https://www.theverge.com/2020/3/11/21174917/lenovo-yoga-c740-review-laptop-specs-features-price-2-in-1-convertible,The Verge,2020,3,11,Lenovo Yoga C740 review: par for the course - The Verge
Lenovo,"Lenovo 4th of July Sale: Save on ThinkPads, Yoga Laptops, ThinkCentre Desktops, More - PCMag.com",https://www.pcmag.com/deals/lenovo-summer-sale,PCMag.com,2020,6,2,"Lenovo 4th of July Sale: Save on ThinkPads, Yoga Laptops, ThinkCentre Desktops, More - PCMag.com"
Lenovo,The 7 best laptop deals at Lenovo's Labor Day sale - CNET,https://www.cnet.com/news/the-7-best-laptop-deals-at-lenovos-fall-sale/,CNET,2020,8,24,The 7 best laptop deals at Lenovo's Labor Day sale - CNET
Lenovo,Lenovo Back-to-School Sale 2020: The 5 best deals - Digital Trends,https://www.digitaltrends.com/dtdeals/lenovo-back-to-school-sale-2020/,Digital Trends,2020,8,19,Lenovo Back-to-School Sale 2020: The 5 best deals - Digital Trends
Lenovo,Nokia wants US to block imports of Lenovo computers in patent dispute - WRAL Tech Wire,https://www.wraltechwire.com/2020/07/03/nokia-wants-us-to-block-imports-of-lenovo-computers-in-patent-dispute/,WRAL Tech Wire,2020,7,3,Nokia wants US to block imports of Lenovo computers in patent dispute - WRAL Tech Wire
Lenovo,Lenovo Memorial Day Deals Still Live: Special Discounts on ThinkPad Laptops - PCMag.com,https://www.pcmag.com/deals/save-big-on-lenovo-laptops-for-memorial-day,PCMag.com,2020,5,26,Lenovo Memorial Day Deals Still Live: Special Discounts on ThinkPad Laptops - PCMag.com
Lenovo,Lenovo’s new Legion laptops support the latest Intel 10th Gen H-series CPUs - The Verge,https://www.theverge.com/2020/4/16/21221969/lenovo-legion-gaming-laptops-ideapad-intel-10th-gen-series-nvidia,The Verge,2020,4,16,Lenovo’s new Legion laptops support the latest Intel 10th Gen H-series CPUs - The Verge
Lenovo,"Lenovo Early Labor Day Sale: Save Up to 65% on Yoga 2-in-1 Laptops, ThinkPads, More - PCMag.com",https://www.pcmag.com/deals/lenovo-early-labor-day-sale-save-up-to-65-on-yoga-2-in-1-laptops-thinkpads,PCMag.com,2020,8,26,"Lenovo Early Labor Day Sale: Save Up to 65% on Yoga 2-in-1 Laptops, ThinkPads, More - PCMag.com"
Lenovo,Lenovo brings 'foldable' PC into post-pandemic working world - Nikkei Asian Review,https://asia.nikkei.com/Business/Technology/Lenovo-brings-foldable-PC-into-post-pandemic-working-world2,Nikkei Asian Review,2020,7,14,Lenovo brings 'foldable' PC into post-pandemic working world - Nikkei Asian Review
Lenovo,Lenovo Yoga C640 Review - PCMag,https://www.pcmag.com/reviews/lenovo-yoga-c640,PCMag,2020,5,22,Lenovo Yoga C640 Review - PCMag
